ID Type,ID Number,Name,Last Name,Phone,Addres
PP,66-956-8120,Andree,Zimek,743-248-1145,82 Summit Crossing
PP,42-375-0111,Boniface,Merredy,112-272-2354,1740 Eastlawn Court
CE,11-902-3758,Estele,Jerschke,421-392-5575,5448 Thierer Terrace
CC,21-582-4649,Florence,Tweddle,364-349-7505,393 Utah Park
CE,78-277-5412,Micheal,Dauncey,312-727-1418,6567 Sachs Lane
CC,12-645-4871,Tamra,Pamphilon,564-486-3279,672 La Follette Pass
PP,22-956-3510,Marcille,Stanistrete,855-120-2764,736 Roth Alley
PP,32-085-3274,Aloysia,Petri,149-875-0523,07 Union Hill
CE,27-959-2458,Ivan,Dibdall,425-566-1242,8 Farragut Park
CE,66-518-3540,Dermot,Newall,958-877-8078,53 Hollow Ridge Road
TI,07-541-1920,Ki,Cobley,929-210-6006,8 Havey Point
TI,48-779-6467,Jordanna,Gergler,757-700-5775,46 Corben Park
CE,45-072-1955,Ferdy,Van der Kruijs,870-127-1374,896 Linden Lane
CC,74-016-9457,Boony,Averall,134-425-0407,22 Northport Drive
PP,14-880-3053,Stephanie,Gannon,171-900-7513,18409 La Follette Trail
CC,13-067-1844,Aland,Karolovsky,219-619-1749,769 Declaration Terrace
CE,11-251-4518,Diannne,Gillice,447-951-0109,43110 Lunder Junction
TI,28-027-2664,Cherlyn,Rault,418-235-0094,92 Mandrake Way
CE,04-887-1910,Bourke,Feldstern,738-839-2630,93 Artisan Terrace
TI,22-268-6545,Rutter,Brunroth,307-947-9638,53478 David Alley
CC,04-512-8286,Lucio,Trewhela,957-548-9136,25 Stang Place
TI,52-532-9005,Biddy,Goldby,168-562-3415,360 Moulton Avenue
CC,37-629-2086,Willard,Ternent,286-969-4049,12 Buhler Plaza
TI,13-945-0251,Zak,Fynan,581-358-4463,1 Westport Center
CE,15-243-2740,Merill,Breitler,697-381-3188,5313 Butterfield Pass
PP,59-430-9386,Basile,Nerval,553-625-5620,5 Buhler Drive
PP,63-281-6881,Collin,Klampk,844-669-6820,10653 Butterfield Drive
TI,26-588-5994,Dimitri,Kilvington,194-705-8535,1 Truax Avenue
TI,68-591-1589,Ninon,Hallede,934-168-4427,35102 Dapin Court
CC,56-671-6154,Deerdre,Harrild,444-934-8348,18310 Vahlen Street
CC,01-216-3311,Jemie,Farney,423-577-6617,79 Debs Point
CE,48-524-9298,Smitty,Luna,445-608-3969,2 Jackson Circle
TI,49-852-7587,Ginger,Scimonelli,577-414-0937,663 Meadow Vale Point
CE,87-973-1125,Kayley,Cowser,155-445-3872,4 Bashford Court
CC,04-262-4055,Tamarah,Verecker,939-504-5705,70244 Calypso Drive
PP,96-635-4958,Edie,Tongue,123-586-9091,044 Rigney Lane
CE,61-558-9142,Gaylor,Morales,869-299-0771,27109 Ruskin Drive
CE,97-052-3982,Jolyn,Keneforde,272-404-3429,1429 Glacier Hill Way
PP,16-871-0897,Thoma,Plues,568-335-3388,605 Main Circle
TI,31-931-8602,Garey,Spillard,278-706-8415,60 New Castle Plaza
PP,00-694-6837,Theobald,Lohering,174-597-2890,429 Kennedy Center
CC,87-333-1870,Monique,Dumphries,378-772-1445,42 Johnson Junction
CE,67-719-2358,Aluin,Moreman,516-912-0474,57121 Myrtle Alley
TI,90-764-4432,Emmalyn,Cheltnam,309-313-7104,9 Mcguire Avenue
CC,14-961-9860,Teodora,Gaskal,202-784-5992,02431 Mccormick Drive
CE,74-504-1668,Ronnie,Lias,188-837-1550,6 Lyons Plaza
CC,80-108-2188,Kendra,Keeney,937-667-2504,8976 Shoshone Lane
CC,61-463-4840,Julianne,Dearden,346-870-0607,979 Fuller Trail
CE,17-944-8323,Ysabel,Biggam,716-775-7041,042 Crescent Oaks Lane
PP,44-238-7195,Vivie,England,402-899-0402,490 Fordem Avenue
TI,44-083-6149,Karmen,Klass,223-439-7485,1781 Pearson Avenue
TI,04-076-7334,Aura,Hegg,427-351-9574,9832 Merrick Way
CC,65-057-9902,Gage,Barenskie,575-966-6318,498 Kingsford Street
PP,50-876-3670,Arnoldo,Gai,532-757-9798,8157 Everett Court
PP,42-034-0331,Lelia,Pollendine,396-234-6634,7527 Orin Hill
TI,76-965-1384,Myrtle,Faulconer,502-185-8112,915 Arizona Terrace
CC,78-182-2705,Erick,Stapells,581-310-7227,00920 Sachtjen Crossing
PP,74-000-3867,Reba,Bascomb,366-841-9399,41664 Mesta Pass
TI,47-857-8190,Patton,Baly,318-591-3968,23099 Briar Crest Hill
PP,40-064-1377,Dilly,Brasse,939-374-1792,658 Westend Park
TI,98-879-8996,Maurise,Leathe,512-983-4741,7434 Village Crossing
PP,13-390-4896,Arni,Nussgen,612-172-7716,1545 Arapahoe Junction
CC,41-196-6383,Mavis,Edler,673-592-9793,5446 Lillian Circle
PP,60-722-1960,Kalli,Jandera,979-813-8069,76433 Stang Street
CC,33-292-3368,Nial,Peniman,461-377-7072,4 Dovetail Parkway
CE,90-814-6248,Berkley,Roskruge,847-417-8337,6620 Goodland Terrace
CE,24-022-4901,Aldon,Antoniak,413-176-3029,709 Independence Pass
CC,96-942-2478,Putnam,Thickins,389-646-3434,0 Randy Parkway
TI,91-050-7552,Nicole,Stockey,790-455-4125,73 Havey Junction
TI,49-388-2157,Claudina,Martensen,889-352-2315,9 Farragut Way
CE,39-930-1593,Emmalynne,Dougary,531-355-1493,4 Marquette Way
CE,30-334-2407,Merralee,McGowran,449-506-4372,97664 Crowley Place
TI,65-169-8097,Cheryl,Iaduccelli,517-689-8350,056 Kensington Avenue
CC,29-999-6249,Cherey,Fronek,412-448-0025,608 Anniversary Park
CE,32-180-6045,Humbert,Dudeney,223-623-9688,92561 Schmedeman Point
CC,34-477-0972,Lisle,Englefield,325-710-7653,7362 Del Mar Hill
PP,68-353-3949,George,Casotti,631-405-9858,5285 Loeprich Road
TI,53-662-2144,Melita,Ugolini,169-240-5496,38 Thompson Crossing
TI,40-348-9193,Sergeant,Scougal,398-224-8810,5659 Russell Lane
TI,34-570-5990,Fidelio,Fairham,351-363-4752,8662 Dakota Alley
CC,87-390-2302,Hastings,Dupey,350-339-9062,841 Arizona Circle
CC,63-730-7212,Wallie,Collough,436-314-6008,54 Butternut Street
TI,81-824-1348,Selby,Preble,916-851-8743,7 Melby Place
TI,41-684-7210,Iggie,Sexty,420-587-4828,51 Lien Place
CC,20-768-0192,Ettore,Hasker,194-246-0774,6 Bluestem Circle
PP,71-603-2429,Audry,Derisley,336-312-0951,9 Heath Center
TI,13-521-9545,Etheline,Kordt,954-273-2295,13546 Heath Parkway
CC,15-934-3507,Yvon,Tedstone,256-381-1745,87421 Eastlawn Place
CC,15-916-1195,Eirena,Zieme,379-462-3622,17052 Main Trail
CE,70-876-5681,Eda,Benka,731-868-7957,584 Havey Center
CC,83-590-2426,Meriel,Lynde,529-868-2788,6 Dawn Court
CC,97-013-6326,Say,Ventom,179-143-5437,420 Colorado Trail
CE,67-083-5198,Bogey,Gladtbach,825-656-0532,48 Schlimgen Lane
CC,46-187-5173,Gwendolyn,Allmann,440-363-7676,9095 Sheridan Hill
CE,40-734-1971,Norah,Barnewelle,873-194-6265,6032 Loomis Circle
TI,08-725-2212,Shandy,Dongles,330-392-3667,709 Meadow Ridge Trail
CE,79-367-0910,Melody,Glenwright,823-567-6444,4828 Prairie Rose Lane
TI,09-561-0363,Erek,Romera,746-687-7142,551 Hanover Avenue
CE,17-328-4720,Towny,Caccavale,491-696-3358,55360 Larry Hill
CC,32-548-9937,Elise,Rushe,632-156-3541,515 Ruskin Circle
TI,58-100-8406,Feodor,Jakubovics,837-594-2610,7283 Bunker Hill Terrace
CE,79-466-0773,Kean,Jakoubec,169-649-1454,22 Hanover Lane
PP,33-629-0070,Susanetta,Jayme,424-782-0161,978 Vernon Street
CC,23-349-7050,Maiga,Wrench,187-496-1849,567 Elka Alley
PP,88-557-7567,Sean,Saturley,798-164-6933,70 Stoughton Park
PP,42-742-4871,Hilton,Schubbert,797-805-4710,4 Lakewood Crossing
CE,65-488-5713,Garvey,Carbett,728-979-0309,0587 Eggendart Drive
PP,75-418-9510,Emilio,Leathley,421-374-8388,42 Cardinal Lane
TI,85-602-2966,Merrill,Ferenczy,534-825-6989,35 Parkside Pass
PP,47-615-8545,Brannon,Fincham,533-270-5871,4302 Green Crossing
TI,01-368-8914,Sherill,Chalfain,607-190-8631,12336 Anzinger Road
CC,65-241-4452,Gabriel,Ratcliffe,289-757-2063,5288 Luster Road
CE,39-156-7337,Anselma,MacGown,929-694-3105,63 Autumn Leaf Way
CE,05-411-1781,Randolf,Banaszewski,174-116-0140,7381 Sauthoff Way
CC,38-835-1334,Kylila,Granville,335-504-8588,9 Killdeer Terrace
PP,21-694-7558,Godfree,Macari,182-651-3791,817 Mandrake Park
CC,48-568-7641,Jonell,Allbon,503-884-3622,2 Ruskin Parkway
CE,60-935-0211,Mariquilla,Coysh,158-952-3232,2348 Kinsman Drive
PP,21-771-0312,Natalie,Easlea,469-399-1773,4269 Spohn Lane
CC,70-907-7105,Gerianna,Bullent,614-877-1642,7743 Meadow Valley Street
TI,10-011-9145,Domeniga,Philippon,721-279-5570,312 Waywood Plaza
CC,78-378-4760,Prince,Boater,981-456-7498,30211 Debs Lane
CC,06-602-5350,Sheff,Crossman,855-574-8200,8528 Washington Junction
CE,35-684-8153,Janek,Daingerfield,331-362-6052,384 Truax Street
CE,10-027-6983,Leonelle,De Paoli,761-551-9968,72 Leroy Terrace
PP,87-854-3828,Blinnie,Whittlesea,583-487-9390,27226 Melody Terrace
CE,50-547-9976,Karina,Blayney,462-249-5036,044 Parkside Park
TI,77-397-4475,Isidoro,Etchell,281-412-9027,84 Roth Parkway
CC,90-119-3583,Hollie,Lafontaine,669-217-9974,3386 Orin Drive
TI,29-639-3177,Dorthy,Baline,683-148-5423,578 Butterfield Street
CC,41-406-8451,Tynan,Skeemer,571-714-4888,57 Eastwood Crossing
PP,05-305-3841,Mahala,De Witt,795-197-3460,255 Delaware Pass
TI,11-286-2722,Erny,Shuxsmith,278-662-6493,685 Golf Point
TI,73-100-7591,Dar,Bess,610-766-5637,4846 Burrows Center
CE,75-628-4881,Kingsley,Orleton,960-406-8557,72 Rieder Street
CC,81-840-6005,Edith,Bottinelli,563-734-8580,2 Upham Court
CE,60-228-7461,Drugi,Yurtsev,251-786-9912,8 Declaration Junction
CE,83-554-6276,Daisy,Plaschke,289-328-8163,9332 Prairie Rose Place
PP,70-325-8361,Timothea,Arcase,667-311-3932,74 Bowman Terrace
CC,13-640-1866,Adda,Upham,756-765-7755,4641 Dahle Alley
CC,83-100-9244,Christoffer,Johansson,178-623-1686,98 Maple Circle
TI,84-954-5289,Brandy,Guidotti,818-503-1922,126 Fulton Park
CC,82-635-8496,Adelaide,Starten,897-718-3088,7731 Southridge Circle
CE,18-018-4242,Rae,Laviste,199-741-5159,9 Westridge Pass
TI,89-209-6152,Rolando,Djekic,691-146-4794,9242 Butterfield Place
CE,78-923-8685,Natalya,Sabban,433-922-0130,339 Corscot Court
CC,91-509-7817,Leena,Birch,340-595-2005,9888 Tennyson Pass
CC,67-031-8612,Isidoro,Lemmon,582-236-3604,49 Sheridan Point
PP,24-463-4436,Ritchie,McGorley,276-513-9990,86 Commercial Way
PP,79-829-5271,Udale,Farady,448-554-8943,88012 Pennsylvania Avenue
PP,55-844-2965,Edgard,Fibben,485-903-5100,8 Roth Road
CE,49-771-7652,Berri,Jurca,616-177-8067,53486 Saint Paul Way
CE,65-092-6240,Jinny,Tregear,171-968-1877,879 Ridge Oak Parkway
CC,82-203-5894,Marybelle,Dudhill,205-543-7139,9063 Merry Center
CC,39-390-7164,Beth,Housen,212-388-9141,1731 Northland Parkway
TI,93-058-2080,Becca,Tanguy,536-868-1478,611 Lotheville Circle
TI,06-389-1629,Agata,Cadagan,430-126-0533,15 Chinook Center
CE,56-538-9423,Klarrisa,Tobias,825-478-2059,59 Pine View Circle
CC,64-877-7729,Maurie,Brokenshaw,134-910-8279,9550 Sugar Crossing
CE,71-893-9202,Ranna,Tomkies,928-634-5740,6792 International Pass
TI,31-067-5697,Lesley,Fansy,556-964-1296,31970 Riverside Parkway
TI,93-724-0371,Papagena,Jago,519-528-7654,28 Kedzie Court
CE,87-390-7919,Allin,McMains,707-150-5791,6 Haas Crossing
TI,23-165-3842,Antoinette,Adamsson,353-817-4552,895 Harper Way
PP,82-697-9619,Hobie,Emlin,348-151-0065,9 Loomis Avenue
CC,03-615-8823,Luella,Leather,724-333-9708,2 Florence Point
PP,87-786-1894,Isaiah,Prendergrass,835-323-4743,247 David Road
CE,68-715-9350,Sanderson,Whitcombe,303-630-3467,56 Nobel Place
CC,69-746-6477,Chicky,Stubbins,389-994-8103,05531 Rockefeller Drive
CE,25-557-7878,Paulie,Nicholas,358-741-0878,5 Crowley Junction
CE,39-107-5071,Matilde,Cregin,160-431-1492,3 Bunting Lane
CE,97-499-9780,Erskine,Faloon,957-247-3987,0 Butterfield Point
CC,33-822-1573,Faustina,Crichton,246-359-7222,33 Dixon Trail
TI,23-186-6873,Ashlen,Werndley,553-592-2402,99 Grim Terrace
CE,15-154-4815,Zared,Milan,475-523-2626,555 Transport Court
CE,68-527-5547,Merle,Bolesworth,136-445-9421,7 Acker Plaza
CE,00-195-0204,Brandea,Argo,193-535-4465,1364 Basil Lane
CE,63-941-0445,Lorne,Leynagh,701-750-7687,4 Stephen Way
CE,21-899-1960,Chrisse,Raithby,121-352-6221,17534 Chive Terrace
CC,77-205-8963,Casandra,Degli Abbati,166-122-6947,85827 Buell Crossing
CE,34-918-3659,Darb,Duddan,302-793-6512,81451 Anhalt Court
CC,55-490-7948,Patty,Parkins,206-644-9039,60358 Schmedeman Court
CE,99-492-7082,Gardener,Calven,888-633-0925,1268 Corben Parkway
CC,00-693-9920,Garrott,Cansdale,976-160-9805,1 Prairie Rose Circle
CE,47-611-2374,Tabbitha,Bossom,993-526-8819,5813 Lerdahl Point
PP,78-878-5697,Dix,Becaris,329-278-1798,499 Everett Court
PP,26-866-3330,Rhodie,Pietzker,762-655-0720,23 Barby Point
TI,74-525-0843,Stacey,Sabatier,852-798-9100,6 Colorado Center
CC,39-333-4535,Early,Brothers,561-987-8142,39955 Drewry Street
CC,53-307-9420,Evita,Suddick,102-299-3795,252 Sachs Parkway
CC,52-971-8559,Rossy,Exall,591-222-7780,65567 Beilfuss Center
TI,08-931-6806,Rosina,Lathom,652-872-7030,8855 Holmberg Center
PP,83-240-8470,Tessy,Carmen,515-265-5529,8025 Clemons Avenue
CE,26-156-1235,Prudi,Dickman,259-867-0051,8 Moose Plaza
CE,27-694-1397,Shurlock,Wannan,873-352-2931,00 Golf Center
PP,38-831-5578,Reiko,Bilney,491-299-9434,13564 Bluestem Way
CE,67-326-6640,Aurelia,Peggs,490-530-7102,02 Towne Road
CC,28-396-3724,Felipa,Caswill,448-455-7375,3 Sherman Center
CC,60-398-6602,Urban,Brookfield,779-162-4242,9161 Coolidge Place
CC,03-418-6596,Keriann,Esplin,780-621-0554,2740 Forster Street
CE,90-680-2571,Essie,Bettinson,475-553-0072,6 Arkansas Street
TI,64-936-0135,Chelsea,Brockwell,469-336-0750,683 4th Park
CE,00-519-6500,Livy,Haszard,216-226-3899,12050 Judy Trail
CC,99-061-2816,Devlin,Romagnosi,435-456-4416,97803 Kennedy Alley
PP,65-178-5543,Tasha,Dallman,426-737-9738,30 Londonderry Pass
PP,92-375-7407,Bethena,Smillie,336-323-6727,26960 Upham Terrace
TI,22-976-8567,Georgeanna,Turmell,406-618-9721,2 Monica Trail
TI,15-072-4924,Darrelle,Quant,873-393-2442,28 Merry Court
TI,60-929-3103,Meier,Paulton,742-429-9103,10 Arizona Lane
TI,35-252-6720,Annnora,Gumbley,668-182-4296,4 Blue Bill Park Park
TI,91-718-2299,Misha,McGeown,955-554-7946,388 Gateway Avenue
PP,54-322-0555,Angie,Menear,649-794-7838,774 Macpherson Street
TI,53-170-0627,Immanuel,Culy,829-833-5321,240 Lotheville Point
TI,31-163-6154,Devan,Castelyn,710-350-4971,7973 Green Ridge Pass
CE,05-883-1513,Tore,O' Sullivan,509-601-4148,9 Graedel Drive
CE,05-675-3974,Ewell,Bradwell,842-996-3900,4 Longview Crossing
TI,93-451-8582,Heidie,Cato,422-460-2845,410 Sycamore Street
TI,88-550-4439,Chelsey,Dando,550-593-8126,657 Amoth Park
CC,21-856-1094,Eudora,Jaksic,331-453-0838,9 Walton Hill
CC,63-567-6077,Laurella,Fanning,667-160-3174,54 Texas Place
CC,60-756-7698,Earvin,Poinsett,773-914-6854,4081 Waxwing Park
CC,82-133-6611,Tommie,Godier,490-883-7496,8 Iowa Road
PP,73-554-4952,Minta,Sweedland,156-506-6705,94309 New Castle Way
CC,18-995-4752,Lidia,Bonn,751-698-1636,48 Oneill Place
TI,62-820-4519,Isaac,Stronough,234-292-6047,7598 Mayfield Terrace
PP,34-122-7109,Katharyn,Woolward,304-553-5693,8 Fordem Hill
PP,73-589-2679,Ossie,Mulvey,912-912-9838,368 Tony Parkway
PP,81-449-7661,Isahella,Zamboniari,117-113-2224,3 Reinke Way
TI,97-448-7577,Nikki,Doy,271-168-4806,978 Gulseth Alley
PP,65-384-7987,Ollie,Amer,307-965-7148,07594 Graedel Way
TI,66-921-0785,Farley,Filby,139-949-2582,61 Amoth Crossing
CE,23-135-3574,Michaeline,Gatward,187-344-5158,8034 Bultman Court
CE,08-147-1045,Keenan,Mordie,689-873-6558,36884 Sugar Pass
TI,36-838-7579,Genna,Precious,632-408-3181,9 Talmadge Junction
TI,64-504-8674,Angie,Davley,901-510-4333,37579 Jay Center
TI,31-619-5627,Reed,Gutans,870-456-3478,3 Pleasure Terrace
TI,02-536-9835,Elton,Tuhy,940-769-8545,54 Truax Court
TI,09-681-8320,Barbabas,Parlot,435-964-4047,2037 Daystar Terrace
CC,67-086-9656,Gardiner,Espinosa,800-533-0538,69 Becker Pass
CC,08-232-6980,Willis,Steadman,888-252-0815,013 Coolidge Alley
TI,66-889-4240,Donn,Gagin,500-654-1327,7632 La Follette Avenue
CE,59-028-7366,Harriette,Lovick,601-300-8379,766 Buell Terrace
CE,14-128-8198,Minerva,Fayter,751-556-2915,6 Starling Pass
PP,61-929-9945,Neille,Whalley,885-134-3194,37 Sauthoff Avenue
CC,89-013-7811,Barby,Braney,862-831-2403,3 Prentice Junction
TI,88-365-6470,Dulcie,Thaw,541-457-2240,43388 Sycamore Junction
TI,29-804-5957,Harlene,Witherop,575-418-7263,0278 Monica Hill
CE,93-541-3386,Chiarra,Brough,946-595-5398,1 Macpherson Court
PP,38-797-8806,Janean,Yakutin,474-179-0341,71 Surrey Point
PP,71-557-0140,Herbie,Ofield,715-967-7498,13251 Troy Way
CC,38-483-5494,Valera,Dodgshon,493-964-0868,2 Nova Center
PP,93-106-4868,Brandon,Brattell,916-458-5752,55 Fulton Alley
TI,24-981-8207,Winnie,Gunton,771-820-1988,95906 Sugar Lane
TI,41-464-3193,Issie,Palle,897-836-4552,29343 Sage Alley
CC,37-143-5054,Cullen,McIlory,543-689-3145,2 Springs Hill
CE,27-180-5786,Zaccaria,Koch,336-645-6630,994 Fuller Terrace
PP,29-563-7377,Dory,Taill,891-597-0038,02 Anderson Avenue
TI,03-999-9788,Guido,Ramplee,655-359-8590,35764 Washington Place
CE,12-994-5835,Jeremias,Nijssen,406-932-6159,626 Tomscot Place
CE,61-105-1690,Gene,Woodyatt,108-857-0181,607 Susan Street
CC,19-107-0044,Margret,Leahy,542-682-2503,28085 Grasskamp Terrace
PP,83-795-4105,Myrtle,Fewings,137-334-5200,57 Fairfield Way
TI,97-038-3105,Maddy,Brigman,489-155-9308,65713 Waxwing Hill
CC,47-344-0233,Kendell,Taborre,315-971-1498,41987 Clove Avenue
TI,88-487-6495,Brooks,Leel,345-715-2636,56087 Bonner Drive
TI,97-149-2410,Amil,Jeanenet,282-756-2445,0 Pennsylvania Parkway
PP,47-924-8276,Delilah,Habbon,272-669-7305,02 Express Place
TI,14-284-2764,Reese,Ballsdon,913-134-9396,86 Memorial Hill
PP,98-058-0904,Willy,Rayson,431-702-6038,72 Mcbride Trail
PP,99-468-0569,Aida,Sparhawk,771-356-0956,638 Reinke Place
TI,54-026-5782,Aprilette,Totman,416-455-3452,7 Cardinal Court
CC,92-440-6044,Brina,Gareisr,781-742-7050,3 West Alley
TI,30-215-7419,Jaquelin,Zylbermann,574-145-0040,6001 Golden Leaf Plaza
TI,98-654-1158,Charlena,Sewter,960-365-6882,7149 Golf Course Avenue
CC,60-397-7454,Shelby,Poli,280-277-3581,76487 Merchant Alley
TI,25-104-1773,Nye,Garthside,934-833-3611,91 Ohio Terrace
CE,15-044-0249,Vinnie,Foux,368-230-6286,56079 Shelley Pass
CC,35-524-3242,Laurent,Hollingshead,833-954-7583,15177 Almo Way
PP,01-169-4931,Guendolen,Alvarado,930-500-5710,731 Shoshone Court
PP,74-028-1388,Mora,Lutman,898-557-8003,488 Commercial Trail
PP,99-543-0587,Pall,Hanny,176-696-0490,89002 Knutson Court
CE,49-858-7788,Rivi,Jordison,424-840-4365,01 Dennis Center
PP,43-080-1402,Sukey,Houlridge,895-819-5685,89046 Brentwood Street
CC,67-043-1624,Bren,Beeres,149-756-7676,512 Arkansas Terrace
CE,13-426-4085,Shayne,Plenderleith,237-102-9658,31 Basil Road
PP,80-378-6692,Tracie,Skarman,971-602-8558,8 Walton Plaza
PP,76-159-7788,Suzanne,Hallihane,585-913-0202,49488 Towne Terrace
CC,76-709-9733,Maia,Enderby,913-579-1396,07 Jenna Court
PP,96-755-6318,Germaine,Boncore,647-370-7968,51272 Westerfield Court
CC,93-878-6077,Torie,Assiter,995-368-6702,4 Michigan Lane
TI,07-218-9253,Cinda,Suddaby,388-641-0907,03 Mccormick Avenue
PP,57-548-6821,Ulrica,Lieb,688-377-1585,5401 Corben Trail
CE,96-799-1261,Abdul,Hinrich,548-404-4331,890 Toban Court
TI,64-539-2883,Danella,Bare,588-452-1486,91 Lakeland Point
CE,06-364-8492,Gwyn,Twidale,578-406-2509,2445 Dunning Court
CC,46-207-8849,Berny,Muckleston,672-278-6396,79927 Granby Circle
CC,73-591-4610,Theresita,Ricciardelli,278-772-5314,36 Lunder Court
CE,34-930-7527,Alphard,Shinfield,715-404-5070,49 Rockefeller Terrace
PP,32-332-9321,Jerry,Josephson,701-638-8074,2686 Monument Trail
CE,62-666-0705,Friedrich,Corby,402-635-3136,35 Susan Plaza
PP,75-360-2060,Wanids,Pedlar,390-833-7222,0692 Schiller Way
CE,42-224-3341,Daffy,Gallaway,312-732-6453,8 Swallow Trail
CE,10-397-6636,Granthem,Whiff,154-850-4949,9680 Harbort Road
CC,58-059-0059,Rinaldo,Jobe,336-932-0652,1164 Hooker Road
PP,67-005-7140,Paten,Wann,479-328-2939,68 Dexter Circle
CC,21-523-1370,Durand,Ratcliffe,124-123-0426,801 Artisan Junction
PP,79-291-6507,Gavra,Grinham,902-652-7832,5 2nd Drive
PP,82-354-3384,Enos,Jenkin,863-124-0979,48705 Ridgeview Plaza
TI,42-238-0735,Mureil,Dureden,405-537-1267,37601 Russell Road
CE,40-949-6293,Curran,Dobbings,190-827-6248,53537 Cardinal Hill
TI,99-481-7112,Currie,Alywin,475-973-8442,01862 Morrow Alley
PP,07-380-5770,Dionisio,Enoch,425-130-0968,777 Luster Point
PP,33-736-3397,Tonnie,Armitage,344-455-1323,938 Goodland Hill
CC,52-629-6204,Kilian,Broomhead,839-418-3415,589 Dovetail Parkway
TI,26-052-7471,Alwin,Lawly,315-218-8699,5 Namekagon Road
PP,29-753-9636,Reggy,Merryweather,327-718-8530,910 Havey Drive
PP,06-963-1470,Roldan,Leyfield,419-902-9049,004 Sherman Plaza
CC,71-063-5843,Stormy,Stapley,264-779-7490,0 Washington Point
PP,68-443-1398,Stephan,Aizikowitz,319-373-6110,0148 Logan Court
CE,63-031-3824,Sybille,Goodbourn,728-290-1395,757 Atwood Plaza
CC,30-601-9567,Taffy,Filan,673-139-5727,758 Nova Street
CE,28-051-7815,Reeva,Paler,971-828-8691,509 Warrior Plaza
PP,89-977-2059,Wyatan,Bloodworthe,615-604-5588,385 Bultman Street
CE,71-235-7122,Emmaline,Divis,192-385-7753,68 Luster Junction
TI,91-186-6818,Roderich,MacColm,322-149-2660,90653 Jana Lane
PP,27-629-6261,Cathrin,Owers,461-411-6857,70188 Steensland Place
TI,96-032-2639,Crissy,Walbrook,767-186-2409,5347 Sauthoff Place
PP,28-975-1485,Fanechka,Esposi,299-659-0480,6339 Myrtle Court
TI,30-147-9930,Morris,Spacey,254-651-1089,6220 Jenna Way
TI,10-978-5929,Waverly,Steeden,288-997-9927,3854 Claremont Park
CE,76-182-3665,Shadow,Fleckno,830-311-6662,2 Park Meadow Hill
TI,76-037-7384,Corilla,Paddingdon,607-961-5311,60621 Rigney Avenue
TI,95-660-0250,Sigmund,Staddon,127-554-0039,3 Surrey Place
TI,87-182-9794,Bertram,Lamming,634-972-7103,351 Buena Vista Place
TI,42-941-6594,Arleta,Cashman,601-373-5417,3543 Forest Run Way
CE,39-774-7885,Salome,Edess,825-104-3261,66571 Golf View Center
CC,13-931-5134,Bobbye,Skitch,813-712-0871,00 Nancy Point
CE,06-648-4225,Aaron,Dorrity,134-384-4958,32 Lukken Hill
CE,60-342-8473,Cash,Doucette,721-918-7892,6838 Susan Street
CC,40-732-0403,Aland,Gierth,656-803-8536,9083 Surrey Circle
CE,59-412-4600,Georas,Rustidge,627-556-0649,49 Jana Road
CE,25-331-1221,Lily,Juares,230-837-3121,381 Crest Line Junction
CC,55-552-4837,Sondra,Peevor,739-294-2386,7 Scott Center
PP,69-989-6685,Bron,Oganian,666-417-7542,79827 Hoepker Drive
CE,37-063-9664,Lauryn,Pile,962-432-0831,34486 Montana Lane
PP,61-845-6674,Pennie,Baxster,724-178-5708,7 Gina Parkway
TI,15-002-4460,Nil,Oxer,886-585-1856,87 Basil Trail
TI,25-856-0479,Carolan,Charnock,413-408-2557,70 5th Pass
PP,53-680-3327,Clemence,Beauman,750-550-2706,05 Lake View Center
TI,10-176-1123,Bride,Holton,404-141-1555,231 Pepper Wood Lane
TI,79-569-6576,Thayne,Wyllis,773-681-5407,752 Warbler Point
CC,60-623-7986,Sibel,Arnaudon,849-851-1913,8036 Pearson Plaza
CC,32-939-4835,Hashim,Stearn,599-860-5983,056 Mendota Crossing
TI,28-630-4730,Rufe,Berrie,475-403-9073,191 Steensland Court
TI,92-105-4853,Angel,Hebblethwaite,292-681-7633,7 Dahle Plaza
CE,78-776-7452,Manny,Andrysek,367-662-2128,4 Fuller Hill
PP,33-761-0423,Jesus,Boutellier,608-361-3699,5126 Leroy Junction
TI,00-769-0470,Taber,Winteringham,119-926-0378,592 Fuller Road
CE,80-146-8345,Si,Santarelli,656-814-3062,86243 East Avenue
CE,89-653-3155,Eb,Lerwell,390-315-8307,9 Pennsylvania Drive
PP,86-517-0593,Olimpia,Maund,368-274-1005,0 Washington Terrace
PP,72-511-9055,Fayth,Piburn,544-332-9257,022 Porter Parkway
TI,98-855-5746,Neel,Pruce,162-740-3144,5604 Kinsman Pass
CC,34-287-9144,Evita,Buchan,796-154-2952,6029 Forster Trail
PP,86-020-9933,Ingram,Titchmarsh,461-698-9639,0086 Sunbrook Parkway
TI,48-450-9381,Goddard,Kehri,641-745-6084,79 Orin Center
PP,31-232-9589,Tommie,Fairholm,897-164-1603,1965 Union Terrace
CE,49-302-4699,Zilvia,Bulloch,843-846-9007,5298 Chive Circle
TI,17-259-7337,Fredric,Lambirth,907-522-5366,5708 Hanson Terrace
CC,07-834-4564,Sorcha,Burtonwood,678-867-6430,01780 Golf Street
CE,09-495-7538,Lennie,Clemon,677-499-0172,9 Algoma Junction
PP,55-180-3830,Virginia,Reinger,806-425-6393,1 Armistice Terrace
PP,87-178-0125,Win,Selwyne,773-496-4901,9426 Sauthoff Pass
PP,28-314-2497,Wye,Keach,271-383-8132,227 Garrison Point
CE,36-783-4748,Brand,Stearns,983-464-1385,2512 American Ash Park
PP,30-398-0941,Tabina,Stubbins,153-151-3134,3768 Green Ridge Terrace
CE,09-706-2873,Merna,Sheldon,995-297-4653,4675 Banding Terrace
PP,15-514-6334,Kare,Hollington,599-496-6747,8 Nancy Crossing
CC,21-355-3045,Bel,Lydiatt,844-822-5273,82 Bluejay Terrace
TI,89-631-2639,Case,Birchall,736-213-1104,8 Truax Lane
CE,38-017-7746,Barbara,Goudge,366-660-3452,5930 La Follette Point
PP,01-882-3422,Odelle,Mazin,212-392-9379,94675 Chinook Plaza
PP,46-597-7122,Stacee,Linforth,736-158-7153,13118 Garrison Way
PP,76-684-9491,Rivalee,Hayball,595-465-8869,158 Forest Run Crossing
CE,91-853-2444,Marlowe,Barz,428-812-0341,8283 Rieder Way
PP,94-976-3628,Lotta,Howsego,288-621-5570,19 Vidon Hill
CE,02-278-4087,Adan,Hatje,683-117-6786,22 Coleman Terrace
CC,95-754-0140,Celine,North,227-486-8769,679 Scoville Place
PP,44-629-5612,Zarah,Sivyer,418-552-1193,7 Autumn Leaf Trail
CC,77-452-7800,Marge,Mathys,623-669-8987,4 Kennedy Plaza
TI,88-405-3887,Moise,Mutton,963-924-4333,2360 Heffernan Alley
CC,09-717-3082,Nicol,Fredy,129-324-9927,16769 Moulton Pass
TI,90-399-0717,Elisha,Liccardi,711-363-7755,293 Laurel Center
PP,66-747-2975,Florella,Edgworth,327-712-5386,77212 8th Park
TI,06-706-9970,Terri,Cometti,264-257-4675,27624 Mcguire Junction
PP,32-672-0934,Car,Cortes,423-186-0441,35 Melvin Trail
PP,68-994-3729,Jonas,Seven,179-561-0417,85147 Rusk Drive
PP,74-674-4542,Hayes,Baccus,644-584-2775,2 Walton Way
TI,46-746-0588,Farlay,Rawes,862-167-3878,8 Clarendon Center
PP,47-779-9723,Brew,Battleson,298-839-5922,377 Forster Park
TI,33-626-4770,Loise,Champ,215-133-4194,92 Meadow Ridge Plaza
TI,66-870-9770,Cesya,Peerman,284-815-4698,24 Mallard Terrace
CE,85-278-6525,Delly,Looks,973-287-9874,771 Annamark Way
PP,06-169-0043,Gabriella,Lyes,687-848-8582,345 Stone Corner Crossing
TI,37-661-3507,Uriel,Riseley,415-478-5763,8987 Butternut Park
CC,15-297-6369,Caryn,Woolvin,632-221-5020,18775 Sunnyside Pass
PP,78-565-8853,Charla,Tessington,709-369-6288,80181 Cottonwood Way
CE,43-838-0493,Rodd,Pavkovic,989-330-0593,90 Bayside Road
CE,99-970-2753,Pegeen,Malinson,973-791-9279,3 Tennessee Plaza
CE,29-345-7886,Omar,Emblin,316-458-3598,8772 Browning Park
CE,53-463-4002,Gunther,Dilnot,103-781-9714,7260 Autumn Leaf Avenue
CC,33-362-0056,Lucie,Noads,967-442-0016,0677 Meadow Valley Terrace
CE,00-847-7194,Peyter,Luchelli,399-819-7519,67 Kinsman Alley
CE,33-835-8351,Trip,Batson,580-929-5774,60007 Dixon Plaza
CC,24-272-1445,Paddie,Alstead,203-894-2377,4 Carey Drive
PP,06-891-0728,Giustina,Titmus,957-282-9756,4 Emmet Crossing
TI,39-287-0206,Madelene,Nerne,550-286-5105,42549 Kim Lane
TI,64-381-6859,Sanford,Parkinson,554-528-5756,00 Forster Court
TI,78-690-2473,Lula,Alexandersen,634-694-8174,19 Chive Terrace
CE,52-138-0137,Gerrilee,Risebrow,194-799-7165,853 Russell Center
TI,59-576-9057,Rhody,Guichard,850-694-0260,0140 Derek Court
PP,18-192-6951,Thorsten,Sivell,494-212-7944,08 Hauk Street
TI,30-265-4471,Rhea,Skillings,499-343-4890,94890 Superior Junction
CE,74-329-9951,Joelie,Messingham,662-142-2706,06 Haas Terrace
TI,75-905-1684,Karin,Simone,172-274-6037,7 Dunning Plaza
PP,48-829-0159,Winthrop,Francecione,573-320-4563,416 Towne Circle
CE,01-120-4931,Charita,Blaschke,521-820-0585,9 Duke Point
PP,36-347-2969,Simmonds,Devonside,556-960-1120,791 7th Center
CC,05-984-1658,Walliw,Surby,156-107-3054,4 Springs Alley
PP,08-651-8866,Drona,Borchardt,796-322-8726,98511 Dexter Court
PP,94-871-2804,Sindee,Girardoni,492-743-8881,11790 Bartillon Center
PP,84-435-7567,Garik,Silburn,155-970-6765,51 Kingsford Crossing
PP,65-612-2634,Sandor,Archbell,189-403-8859,73201 Meadow Vale Lane
CE,42-082-8916,Wilhelmine,Hancell,791-575-8193,7473 Packers Circle
TI,04-951-4272,Theresita,Vine,667-333-8550,5 Helena Street
TI,29-782-4510,Rebe,Mashal,400-356-9929,61995 Linden Drive
TI,65-411-9363,Nikolai,Seine,193-245-7000,2 Hagan Crossing
TI,76-797-2769,Hashim,Latore,891-866-1542,1 Harbort Drive
TI,45-713-8179,Daryl,Leadbitter,380-654-0920,864 Claremont Center
TI,14-328-5414,Misty,Oxer,743-559-8203,0272 Di Loreto Road
TI,63-079-5395,Belle,Giraudy,319-990-7657,1677 Ryan Center
PP,39-236-7704,Genny,Dinnington,100-229-1421,485 Darwin Drive
CC,11-153-4008,Clementine,Petrowsky,524-657-6489,29304 5th Place
CE,02-226-9783,Ford,Dowrey,562-703-1987,20 Westport Crossing
CC,75-866-4704,Alix,Penwell,571-580-2460,2181 Mariners Cove Parkway
CC,13-321-2830,Gabrila,Malimoe,247-156-6506,779 Dayton Lane
TI,97-044-9397,Jolyn,Canniffe,693-270-1594,79 Norway Maple Hill
CE,56-488-7703,Camala,Allain,782-221-7283,24907 Center Pass
PP,94-263-9263,Noe,Colledge,322-319-1537,563 Sloan Circle
CC,24-436-5208,Rebecka,Hilling,687-745-2687,75 Vernon Trail
PP,31-002-2221,Klemens,Hawket,455-662-4480,83124 Sutherland Place
TI,77-541-9965,Starlin,Ephson,679-205-5593,07905 Kropf Drive
CE,86-948-3322,Nedda,McGaughey,980-499-9243,29 Ruskin Avenue
TI,74-887-0468,Lou,Eplate,256-577-1376,7 Sunnyside Junction
TI,41-132-1323,Rory,Sainte Paul,347-945-4416,1 Wayridge Crossing
TI,22-880-4016,Wolfie,Dye,577-816-1593,18532 Sommers Circle
CE,87-295-0714,Malva,Vivien,289-523-5143,3589 Springview Way
CC,83-820-9937,Isabel,Downes,921-157-1223,66072 Eagan Point
PP,40-764-4921,Lynnea,MacKegg,368-338-3137,58315 Lunder Road
PP,86-318-3714,Shepard,Skillanders,230-420-0059,61 Westend Alley
TI,19-110-3480,Dyane,O'Carrol,913-613-2114,84963 Farmco Court
CC,67-453-1214,Dierdre,Garbar,121-253-5417,739 Becker Trail
TI,69-953-0939,Merna,Tunder,911-895-7936,0 Superior Circle
PP,50-277-1239,Becka,Pearlman,438-709-5367,35 Esch Street
CC,30-040-9064,Jobye,Stobart,349-586-6394,5 Linden Circle
PP,32-596-8457,Letitia,MacTrusty,976-985-8065,8213 Lukken Terrace
CE,02-105-4160,Honor,Quantick,718-274-4704,7841 Pawling Road
PP,13-212-8170,Martica,Solley,219-187-0106,5629 Caliangt Junction
CC,66-856-0097,Shayla,Carhart,194-722-9863,960 Holmberg Alley
TI,89-698-1770,Jennette,MacGorley,523-696-4771,3816 Northfield Parkway
CE,05-115-4491,Denny,Danev,613-606-7399,0388 Kings Road
PP,72-253-3647,Odele,Jurek,531-914-5673,625 Maple Wood Crossing
TI,65-476-8308,Bobina,Attwoul,791-398-2072,1 Lotheville Alley
TI,12-782-0737,Franciskus,Arnald,814-409-2137,408 Dahle Court
PP,89-250-2506,Eleanor,Breadmore,843-734-7703,072 Evergreen Drive
CC,09-128-2281,Regan,Ducket,858-309-8870,873 Scoville Street
CE,86-352-1743,Therese,Raper,790-258-1995,314 Summer Ridge Court
CE,22-846-3558,Alejandro,Gellett,660-780-7925,88292 Lillian Trail
PP,49-998-9421,Gennie,Royden,311-147-8179,59192 Killdeer Street
CC,32-554-5910,Jessamine,Leipoldt,942-710-7490,53 Bunting Road
PP,13-494-9184,Patrizia,Landsbury,978-846-6907,4 Dixon Junction
TI,01-324-3499,Gabbie,Hutchison,408-651-2945,40617 Longview Drive
CC,42-244-9368,Ramsay,Ridings,526-373-3926,9 Bay Alley
TI,68-871-7371,Gigi,Ellacott,716-524-8323,16 Ridgeview Road
PP,67-207-3683,Guenna,Bretelle,474-640-0943,344 Hooker Street
PP,30-534-4103,Muffin,Bonnefin,105-595-0284,1 Morrow Pass
PP,28-702-6732,Parsifal,Bentje,552-169-9421,285 Roth Circle
TI,86-401-3466,Jaquenette,O'Ruane,658-170-9426,67 Northport Park
CE,72-056-8547,Nannette,Sivil,910-963-1542,9 Menomonie Drive
TI,01-701-1475,Cinda,La Padula,702-382-3913,3 Bayside Pass
TI,21-337-5831,Callean,Fruchon,932-821-2163,0756 Susan Crossing
CE,31-224-8769,Rosalinda,Enriquez,198-862-3300,8 Clove Point
TI,45-346-7630,Tedra,Tiddy,922-771-2782,2 Dexter Drive
TI,95-266-2023,Inga,Pasque,809-408-1705,41907 Cody Circle
CE,01-499-8922,Clemens,Coutts,904-655-0307,32901 Larry Drive
TI,39-697-6921,Vale,Liles,726-541-2713,12416 Banding Place
PP,55-654-3099,Rance,Featenby,737-596-5847,71 Merchant Place
TI,94-132-0682,Chrisse,Bownes,803-637-2552,1993 Florence Junction
TI,62-124-1220,Evvie,Spellsworth,425-423-1591,457 Columbus Junction
CE,24-218-2841,Wainwright,Johl,975-553-9335,4 Carioca Circle
TI,57-694-1035,Melloney,Feldbrin,318-604-7121,96004 Burrows Lane
CC,26-009-3119,Aarika,Bartos,884-437-9549,78 Waywood Alley
CC,76-366-6263,Walther,Blackeby,411-417-6135,450 Banding Crossing
CE,30-023-8779,Aubrette,Allam,132-498-9694,3 Schiller Terrace
TI,09-280-9297,Foster,Utridge,382-827-5819,207 Bayside Center
TI,56-904-6969,Myrvyn,Barnbrook,442-525-1131,41031 American Avenue
PP,16-104-7403,Jackson,Kelwaybamber,825-540-9488,42754 Longview Plaza
CC,66-698-4532,Tony,Bathersby,741-917-1833,249 Toban Pass
CE,74-702-3546,Kermie,Bullivant,556-746-5488,67852 Lerdahl Park
PP,50-483-2680,Rowen,Marzele,891-674-9470,80 3rd Terrace
CC,06-393-9933,Murdock,Bawle,556-404-0595,51025 Hoepker Street
CC,27-773-1465,Jozef,Chatan,722-251-5415,48854 Warbler Terrace
CE,83-896-0133,Rachael,Brigge,159-202-2446,65953 Lawn Point
CC,39-780-0960,Farica,Tann,829-766-7427,1962 Alpine Avenue
TI,86-526-1762,Hagen,Jendas,164-757-6700,1793 Katie Lane
TI,07-130-6287,Shannah,Yushachkov,573-876-9223,21795 Badeau Court
PP,42-307-1345,Catlaina,Craw,865-659-9269,1 Maple Junction
CE,52-563-6052,Bearnard,Pinyon,930-765-4597,78 Lakewood Gardens Terrace
TI,59-468-4204,Giuseppe,Scoterbosh,393-667-4826,81490 Charing Cross Point
TI,18-177-6686,Saleem,Ogden,512-577-4963,7 Arrowood Park
CC,38-189-6343,Arne,Turnell,276-856-1961,06 Hallows Road
PP,61-022-3787,Hadrian,Revens,677-764-2447,618 Luster Trail
CC,28-062-2667,Bertrando,Uccello,911-719-0131,7 Pearson Place
CC,29-329-4325,Cedric,Aleswell,695-322-4181,9519 Wayridge Court
PP,62-888-1919,Manuel,Otley,793-682-8600,98562 Huxley Road
CE,20-353-6810,Charyl,Shwalbe,488-557-8939,68865 Ramsey Alley
PP,18-645-5217,Asher,Hinnerk,462-218-1579,94817 Erie Way
PP,60-814-2631,Erin,Di Carlo,873-137-6712,57 Northridge Avenue
CC,02-587-8608,Brenn,Beckworth,816-477-6936,19442 Colorado Parkway
CE,37-234-5581,Eloisa,Maggiori,880-499-2642,2933 Schurz Pass
PP,73-449-4838,Krishna,Lucey,298-685-2382,8386 Moland Alley
PP,14-089-0773,Jemmy,Btham,135-529-0788,159 Waubesa Court
CE,15-703-3088,Phyllida,Morfell,176-586-0699,3 Dovetail Point
CE,25-083-6152,Penn,Blackey,819-931-2451,140 Pankratz Court
CC,71-100-3505,Damaris,Bearcroft,604-257-1737,7 Eggendart Plaza
CC,59-655-3524,Mariele,Pfeffer,787-301-0610,5807 Old Shore Alley
CE,15-212-2018,Dollie,Benz,675-515-6490,255 Porter Terrace
TI,73-318-3442,Rubie,Bardsley,778-186-4718,232 Pepper Wood Plaza
CE,61-170-7602,Feliks,Scarratt,312-850-3655,27 Northview Pass
TI,45-381-9731,Shela,Tuite,483-331-0605,588 Manley Parkway
PP,70-931-9930,Gilbert,Hembry,830-987-8471,69682 Bobwhite Trail
TI,89-221-2872,Rodrigo,Agdahl,576-898-1475,7 Stephen Point
TI,41-556-9527,Davie,Danbrook,363-313-2294,124 Milwaukee Terrace
TI,69-497-3669,Morena,Ewers,653-194-5249,577 Hintze Way
CC,28-017-6984,Gino,Stampe,773-383-8830,79352 Delladonna Point
PP,64-024-3770,Siusan,Kerrod,800-567-8727,4210 5th Parkway
CC,39-089-9751,Anatola,Esmond,217-947-7962,34 Magdeline Hill
PP,32-105-6560,Elsey,Jellico,126-933-8378,4056 Linden Hill
TI,49-576-7361,Verla,Avrahamof,604-633-3401,9712 Cascade Street
CE,04-880-2098,Siegfried,Fursey,624-884-3583,337 Mifflin Drive
CE,44-407-9499,Barret,O'Halleghane,153-598-3113,2 Tony Crossing
PP,55-928-8769,Deloria,Formie,132-467-8447,64840 8th Plaza
TI,65-935-3929,Janene,Gaskarth,827-266-8332,3986 Del Sol Center
CC,26-888-2099,Merv,Geeves,745-951-5035,77338 Cody Alley
TI,36-385-4440,Joeann,Brixham,653-295-7674,5495 Sunfield Place
CE,84-627-6126,Flory,Ordidge,359-965-0574,544 Nobel Court
CC,49-118-3546,Aarika,Armit,993-662-0018,62 Eggendart Way
TI,84-394-4610,Linette,Slora,965-705-0240,5 Sunfield Drive
CE,56-476-3352,Rosie,Kornas,645-484-7750,016 Anniversary Junction
CE,82-410-1564,Gran,Wraggs,913-596-9994,2 Aberg Hill
CC,98-157-1646,Ansley,Gavaran,646-140-9624,62 Manley Court
CE,73-492-2925,Lavinia,Hannaford,316-566-2195,436 Morningstar Point
TI,52-961-3009,Brandais,Pixton,524-400-2829,48 Sachs Point
TI,27-918-0379,Nolana,Kopke,867-537-9963,095 Fulton Way
PP,11-826-7884,Lora,Ladyman,807-190-9819,7028 Del Mar Alley
CC,41-657-6520,Brooke,Gallahue,312-911-7879,156 Anzinger Plaza
CC,90-522-5767,Linus,Yarr,534-305-6165,7367 Vermont Junction
TI,66-144-8954,Torey,Kovelmann,109-483-0214,82 Harper Way
PP,50-659-2063,Kristopher,Wolffers,793-399-3519,9992 Cambridge Center
TI,09-526-3618,Elbert,Pittel,172-535-0311,41809 Kipling Hill
CC,64-551-4596,Lilith,Tafani,880-241-3524,04082 Bellgrove Parkway
PP,80-404-0951,Robenia,Snoad,895-325-0220,52508 Caliangt Lane
PP,70-784-8934,Blakeley,Pettus,670-853-2979,496 Dennis Pass
PP,62-572-7370,Tove,Hellard,560-689-2176,54139 Gulseth Court
CE,09-981-5148,Cloris,Beat,518-847-1328,8937 Bunker Hill Hill
TI,40-519-1643,Bryana,Kahen,686-510-5173,315 Drewry Circle
CE,74-335-3814,Doroteya,Isles,475-950-5714,581 Oakridge Hill
CC,58-009-7867,Lynde,Golda,555-765-3140,6 Old Shore Place
PP,44-501-2198,Chen,Abrami,838-794-0427,87 Westend Court
CE,47-995-6925,Livia,Silver,637-563-9149,5519 Ridge Oak Way
CE,94-514-6251,Marleah,Schiefersten,166-273-6578,0 Memorial Parkway
PP,67-045-6984,Oliviero,Januszewski,364-616-2036,504 Warbler Alley
CE,94-920-3492,Woodie,Oppy,126-473-9386,96 Loeprich Circle
CE,97-467-3699,Millard,Aloshikin,577-577-4831,1 Pleasure Road
TI,47-233-9061,Caressa,Wingatt,239-973-6521,63134 Roth Trail
CE,59-342-7976,Cornell,Mallinar,946-884-1388,9838 Atwood Hill
PP,22-651-6790,Jaymee,Von Helmholtz,798-927-0375,32 Mallard Point
CC,96-441-4199,Miner,Brookzie,899-718-3248,21 Maple Wood Plaza
PP,41-481-5159,Romola,Whitney,113-285-5817,40 Hayes Court
CE,51-000-4701,Garv,Tatterton,691-480-7258,4253 Bunker Hill Crossing
CC,40-182-6836,Sybille,Rickeard,305-535-4639,5023 Green Place
PP,05-616-0102,Keelia,Quarles,131-724-1268,56929 Bay Circle
PP,86-882-3955,Brianne,Deerr,616-460-7348,56 Hanover Drive
CC,16-212-5291,Elsey,Keightley,651-261-5347,525 Stang Alley
CC,66-502-3504,Frants,Cheley,108-937-0395,02598 Oneill Point
PP,04-325-0372,Frasquito,Foulks,755-835-1504,28 Riverside Trail
CC,13-087-2297,Chloette,Dresse,257-120-1963,91 Hoffman Junction
PP,84-487-8082,Burk,O'Hern,730-983-3591,39 Southridge Place
CE,96-199-5070,Micki,Clayworth,581-740-3940,15 International Avenue
CE,77-537-8494,Zonnya,Pursglove,425-470-0880,1 Algoma Plaza
TI,68-104-3436,Lamont,Brandsma,991-962-3001,268 Dapin Parkway
CC,20-214-7589,Elfie,Sawdon,280-717-2842,0 Luster Park
CE,74-145-6017,Chrysa,Swepson,741-693-4795,9 Westend Terrace
CE,07-754-4419,Quill,Trodden,120-490-9543,19 Sutteridge Street
CE,62-098-9715,Everard,Tombling,657-720-5731,53 Prentice Hill
PP,09-918-7379,Fay,MacAdam,268-430-2192,2307 Mcguire Alley
PP,35-452-1029,Gerome,Commusso,883-846-7895,881 Stone Corner Avenue
TI,73-194-6183,Drud,Calver,332-414-4975,5605 Jenna Court
CE,96-456-5091,Ado,Thames,141-475-2656,76882 Rowland Way
CC,81-622-0617,Layton,McGreil,720-914-9647,52186 Browning Court
CE,03-616-1944,Elbertine,Finnigan,671-780-6035,9441 Merchant Circle
CC,81-023-1637,Onfroi,Dorrance,771-166-5903,8975 Trailsway Way
TI,93-158-5270,Melicent,Bawcock,765-950-0955,60229 Caliangt Terrace
PP,29-822-8544,Harcourt,Hannant,440-342-3183,0 Ronald Regan Hill
PP,85-229-6966,Codi,Mudge,144-218-9594,4 Menomonie Circle
CE,58-756-9056,Benedikt,Shuttleworth,992-352-1400,4013 Gulseth Point
CC,01-818-4959,Melody,Ingreda,860-389-7383,81 Johnson Street
CE,88-868-7683,Dewey,Bulman,902-436-8268,5136 Twin Pines Circle
TI,97-678-6806,Drucy,Carlaw,405-523-9327,62601 Thackeray Circle
PP,99-001-5861,Hashim,Balden,807-560-3867,6 Stone Corner Pass
CC,07-017-2762,Judd,Stukings,950-358-0198,63 Burning Wood Street
PP,14-709-8583,Glenn,Penella,795-592-3379,1441 Muir Junction
CC,10-330-7897,Lorry,Badger,633-981-7276,33777 Towne Parkway
CE,30-769-5517,Vivienne,Millhill,636-443-9968,72331 Meadow Valley Drive
CC,25-867-2803,Rasla,Adrian,963-570-6804,495 Straubel Trail
CC,34-563-2883,Read,Attle,421-351-9473,0 Di Loreto Crossing
CE,15-468-5848,Ursuline,Seiler,851-466-6228,15 Russell Parkway
CC,46-374-0817,Olympe,Moraleda,299-490-2788,57 Moulton Plaza
TI,31-358-0565,Donny,Shayler,219-424-9460,4653 Lawn Crossing
PP,85-679-7104,Rollin,McCarney,404-277-7580,5387 Ramsey Avenue
PP,93-980-7525,Eduardo,Verny,835-198-2087,2414 Fisk Alley
PP,69-404-0070,Allys,Stonelake,710-166-6456,9 Miller Alley
PP,15-451-3534,Ollie,Wedge,566-279-1065,2 Stoughton Hill
CE,49-975-4070,Miriam,Bagott,224-476-6177,68 Fallview Alley
TI,26-401-1004,Ryan,Stenyng,590-155-4907,06 Anderson Pass
CC,50-207-0945,Salomi,Solman,467-975-4475,0997 Mayer Avenue
TI,05-077-9143,Lois,Matveiko,622-386-7769,71 Autumn Leaf Crossing
CE,86-482-9518,Hollis,Webben,554-580-2554,1275 Pond Place
TI,23-691-8957,Maxwell,Tirrey,770-929-6271,09 Jana Street
PP,35-142-9073,Odetta,Allenby,906-642-9824,889 Bay Court
TI,13-959-3408,Norbie,Danielkiewicz,361-670-3911,75602 Summit Center
PP,34-495-3274,Willem,Wherton,125-734-1671,63581 Manitowish Plaza
CC,11-889-1166,Nicolle,Goldney,415-820-4574,279 Dunning Center
CE,26-368-3261,Zora,Mitkcov,214-590-7001,0213 Chinook Way
CC,02-791-7037,Susy,Skitteral,177-912-0677,0 Acker Park
TI,58-465-9887,Marlyn,McFadzean,945-872-1266,6892 Dennis Trail
TI,00-836-3754,Hortense,Massey,599-514-8500,41 Tony Junction
TI,03-152-2167,Keely,Stallard,839-546-3779,671 Miller Road
PP,84-059-8216,Billi,Duncan,489-557-2067,48 Stuart Point
CC,84-070-4915,Boyce,Roiz,152-937-0834,71 Loftsgordon Street
PP,21-316-0464,Juliane,Hallut,117-632-8264,33249 Lakewood Gardens Road
CE,34-821-4278,Brittaney,Augustin,871-649-3312,32905 Troy Parkway
CC,71-553-5939,Denys,Sirett,844-838-5610,64 Dottie Avenue
CE,54-081-8510,Christoforo,State,368-583-4185,450 Arrowood Hill
CE,07-716-3780,Cecelia,Wadsworth,385-755-4144,94 Goodland Point
CC,48-614-3875,Afton,Stempe,506-904-1465,5 Hovde Circle
CE,53-571-3704,Zilvia,Slimme,493-187-3520,674 Rutledge Drive
PP,17-271-7701,Hew,Chessun,652-989-4176,37 Grasskamp Alley
PP,31-164-1055,Marrissa,Vanlint,801-317-0377,52 Lotheville Terrace
CE,73-172-4974,Hilliary,Trouncer,256-526-9346,546 Di Loreto Parkway
TI,09-500-8263,Karalynn,Tarquinio,308-316-8822,10370 Lien Court
PP,72-469-6765,Joeann,Jenkin,873-995-6201,71209 Lillian Trail
PP,02-565-5551,Pavel,Dennerley,763-489-0906,0 Annamark Street
TI,56-294-0815,Honey,Mattiessen,239-425-1043,9852 Eastlawn Crossing
CC,26-260-2438,Diahann,Jurries,330-554-3083,53 Calypso Park
CE,26-268-2005,Loralie,Sevitt,871-846-9982,3 Novick Park
PP,99-099-8838,Gilberte,Yosselevitch,325-401-2637,58 Pepper Wood Park
CE,00-331-4266,Connie,Dowdle,420-756-5939,3 Dakota Pass
PP,22-016-1408,Alina,Measham,298-230-0045,7786 Fisk Parkway
CC,60-960-2046,Tyler,Gehrels,470-999-5306,7 Hintze Place
PP,20-732-1915,Vinita,Duffet,480-175-8815,2453 Vernon Junction
PP,51-872-1090,Isador,Quakley,490-787-0965,486 Forest Dale Trail
PP,27-673-1172,Ursula,Feacham,189-902-8596,35 Mendota Alley
PP,51-951-4901,Job,Januszkiewicz,243-966-5895,9 8th Crossing
TI,02-139-3943,Serge,Trevena,719-231-1627,049 Merry Street
TI,89-161-7131,Cleavland,Roxbee,623-650-2028,954 Evergreen Crossing
CC,51-585-9686,Aprilette,Northam,344-238-1622,71107 Donald Trail
TI,65-967-2434,Nealson,Glasbey,846-802-9131,4 Declaration Court
PP,50-497-4501,Cinnamon,Pruce,315-806-3564,1708 Lindbergh Way
TI,81-873-0847,Darby,Congreve,557-105-8672,38349 Graedel Drive
CC,39-934-9368,Juliane,Pigney,951-651-9990,15138 Heath Street
CE,59-618-3224,Shirleen,Simonetti,637-656-8566,590 Mayfield Circle
TI,54-262-5800,Lisette,Kopelman,284-923-4387,407 Michigan Way
TI,95-408-3376,Aggi,Chiverstone,344-472-1561,422 Donald Alley
PP,73-718-8203,Bessy,Woofinden,347-964-3466,489 Dwight Point
CE,57-804-6560,Elbertine,Durtnall,658-630-6960,93303 Stephen Terrace
CE,44-694-8878,Tawnya,Plester,897-326-1965,78636 Mockingbird Court
CE,59-710-3574,Maynord,Letham,179-746-7561,89 Tennessee Drive
CC,90-126-3923,Iolanthe,Cheverton,547-697-6925,763 Longview Alley
TI,35-636-2244,Blondy,Baldung,971-473-6761,2912 Huxley Point
CE,50-013-6828,Brandice,Nethercott,270-939-3365,90250 Menomonie Crossing
CE,15-570-5881,Meade,Sivyer,871-664-4769,41 Katie Road
CE,26-844-3931,Kaylyn,Coils,737-638-8467,016 Carberry Court
TI,35-998-0347,Barbey,Christmas,938-159-7340,6956 Center Drive
CC,20-972-5246,Haskel,Swannell,665-742-6082,367 High Crossing Court
CE,48-954-6928,Derry,Woodburn,133-400-9837,6856 Almo Avenue
CC,16-525-3050,Isabelle,Bowdery,675-838-5820,13 Garrison Circle
CE,88-097-9020,Timi,Villar,505-177-7376,33172 Russell Center
TI,89-782-5353,Martin,Grebbin,273-154-7692,654 Clove Pass
CE,51-321-9940,Corbett,Dudman,962-341-6914,5 Hoepker Alley
CE,97-608-2953,Tammie,Brugemann,462-973-4965,64 Weeping Birch Way
PP,83-656-3567,Riki,Polson,947-727-7572,547 East Way
CE,25-163-8571,Ina,Bukac,687-632-3355,113 Lakewood Gardens Lane
CC,27-814-2570,Roldan,Velasquez,898-886-4816,0 Debra Court
CE,98-446-3448,Hillery,Abbatini,216-591-5560,386 Canary Court
CE,89-947-5915,Barrie,Danilchev,686-378-3700,1 East Place
CE,32-700-9257,Honey,Spiers,790-655-1516,4 Linden Terrace
CC,11-573-0535,Ynez,Limon,416-753-4679,5060 Moland Trail
PP,57-189-8655,Wash,Jobey,574-395-9906,273 Superior Way
PP,63-843-0645,Darby,Licari,288-426-1863,73835 Kedzie Park
PP,74-295-1949,Trudey,Ridhole,916-573-5945,7187 Hudson Junction
CC,68-612-1688,Linnet,Ughini,112-272-4984,8 Delladonna Place
PP,50-325-0040,Vale,McWhin,716-505-1880,51879 Moulton Park
TI,93-310-7663,Whitney,Roots,208-349-2052,1 Paget Hill
CC,09-195-2724,Kelci,Latch,363-912-6696,2983 Fairfield Way
CC,23-708-6745,Renaud,Burgum,772-414-4039,43 Harbort Park
CC,37-651-0846,Rafa,Sandeman,449-307-5448,994 Havey Way
TI,42-041-4273,Turner,Struys,536-134-1466,5 Melby Circle
PP,39-820-2984,Gabi,Jankin,760-627-6092,67 Artisan Point
PP,95-450-8349,Kristien,Chiommienti,423-532-1331,78 Shasta Court
PP,12-472-4251,Ilyse,De Winton,500-955-3448,01136 Kipling Lane
PP,76-608-5347,Nikkie,Gamlyn,827-515-0160,31857 Gateway Way
CE,92-631-9079,Aldin,Pinckney,766-472-9178,613 Paget Park
TI,68-133-3525,Johnette,Taleworth,940-125-5594,58515 Linden Road
CC,47-206-2467,Nonie,Rolley,336-978-7514,25117 Mendota Pass
CC,88-501-7839,Hagen,Barfoot,768-536-4371,8 Namekagon Hill
CE,89-352-1800,Laurie,Gaitskell,896-573-2276,4315 Packers Road
PP,36-333-6238,Britni,Wyeld,283-753-8626,1 Fair Oaks Place
TI,11-900-2061,Vina,Bolger,195-542-6857,2727 Burrows Plaza
CC,15-413-6251,Gerrard,Gecke,584-763-6245,4732 Bashford Plaza
TI,10-772-9665,Wendy,Pead,657-187-1576,73 Londonderry Road
PP,32-091-1381,Brana,Worner,576-973-8294,32819 Chive Center
CE,58-461-6039,Jayson,Lemmen,215-229-5719,042 Burning Wood Crossing
CC,68-781-4637,Celinka,Grainge,426-185-5501,6395 Oxford Center
TI,38-741-7894,Peterus,Oldcroft,392-782-5424,97 Mallory Terrace
PP,77-284-8155,Kerk,Iacopo,976-342-0597,77373 Columbus Crossing
CC,52-821-5897,Lemuel,McLarens,841-511-1421,9 Packers Terrace
CC,59-123-9355,Melodie,Darrington,325-319-0521,264 Hallows Trail
CE,90-120-4217,Natty,Benedtti,296-580-8197,26 Helena Point
PP,95-621-7290,Adiana,Potkins,962-596-8235,456 Twin Pines Pass
TI,10-034-9062,Trever,Moden,416-598-7792,9612 Hanover Way
CE,73-835-9480,Christian,Thorius,163-978-2638,820 Arapahoe Park
PP,76-033-3189,Isis,Jaher,747-611-7622,027 Lillian Junction
PP,73-786-8110,Philippa,Poetz,179-191-5580,1199 Dexter Street
CE,42-174-7568,Stacee,Butson,945-829-5369,4689 Express Hill
CE,10-474-2391,Mindy,Gerlts,698-803-8777,93 Continental Avenue
PP,92-358-2962,Gilligan,Bryning,598-313-7659,21 Chive Junction
PP,25-426-2485,Gabe,Semechik,976-741-2014,73073 Dennis Street
TI,19-690-1249,Esma,Patient,829-369-2380,151 Lukken Road
PP,44-992-5496,Lara,Duferie,550-739-9477,701 Hoffman Lane
CC,68-934-6276,Gaye,Reims,372-970-0884,989 Corscot Park
PP,56-832-3845,Justino,Maxworthy,723-417-5588,49919 Merrick Avenue
CC,88-039-5808,Andeee,Kynan,521-559-1080,66822 Florence Road
TI,56-710-6353,Sibyl,Crasswell,482-213-7786,53 Paget Crossing
CE,16-746-4220,Alverta,Chape,555-933-0216,30934 Lakeland Plaza
CE,76-310-3858,Dore,Busswell,421-610-7764,274 Marquette Crossing
CC,43-775-1651,Ranee,Frame,855-644-8974,4 Hermina Trail
CE,79-607-9608,Udale,McIlvaney,926-885-8450,318 Upham Plaza
PP,29-520-8346,Alfreda,Tomeo,371-989-2403,1616 Harbort Alley
TI,84-033-7901,Ashia,Tommasetti,779-426-3518,33625 Holmberg Hill
CC,60-868-3538,Cammy,Risebrow,311-484-7312,29470 Commercial Point
CE,81-871-9437,Tiffie,Northway,678-598-4299,318 Ridgeway Terrace
TI,41-458-6109,Kynthia,MacCafferky,679-466-1370,038 Havey Circle
CC,18-546-8384,Ardelle,Duns,306-146-7160,221 Hudson Place
CE,81-073-9871,Eada,Axell,341-988-3099,59 Cardinal Circle
TI,69-430-2821,Meade,Bedford,671-132-8749,76996 Northland Place
CC,93-506-8347,Ethe,Wynrehame,571-193-1050,4196 Drewry Drive
TI,53-394-4715,Cori,Bugg,492-262-5530,3 Burning Wood Place
CC,39-433-2366,Maggi,Nevins,684-607-8195,47481 Troy Plaza
PP,64-335-4143,Adelheid,Larrosa,172-409-1540,14674 Pepper Wood Plaza
CC,96-995-0526,Agace,Damarell,176-733-4758,1 Delladonna Center
CE,52-789-7788,Rodrigo,Rawlison,678-938-2156,27 Golf Hill
PP,53-253-6002,Lethia,Gisby,499-638-7556,583 Moose Junction
CE,06-807-2296,Lin,Bedells,907-211-1633,2 Morning Street
CE,27-302-6724,Friedrich,Gallamore,521-807-9723,4746 Walton Way
PP,41-465-3873,Tisha,Bickerstaffe,551-200-5118,287 Bashford Terrace
PP,74-892-0184,Roy,Phelip,317-602-6177,984 Ridgeway Road
PP,21-864-5059,Alfredo,Rowney,340-963-8208,741 Maywood Center
PP,68-460-9968,Maryrose,Mathiasen,742-819-1152,5 Del Sol Place
CE,24-578-4161,Ingunna,Arr,803-847-2969,4 Fairview Pass
TI,00-629-6882,Lenette,Haws,402-447-5355,498 Old Gate Terrace
CC,64-996-7763,Ellen,Espinel,925-962-3285,929 School Alley
CE,43-137-7193,Upton,Roskrug,653-794-6626,83 Roth Street
TI,97-736-7324,Monica,Wynrahame,749-134-5512,82167 Aberg Lane
CC,24-051-0587,Merrick,Mundall,853-664-8105,979 Cherokee Terrace
CE,98-201-4099,Delly,Riddington,569-542-4349,1259 Weeping Birch Center
PP,66-423-6854,Holly,Frugier,519-253-9549,5 Butternut Center
CC,72-393-0202,Nevile,Velden,520-959-2499,54548 New Castle Circle
CC,55-462-9558,Wayne,Cheavin,634-175-4029,03 Autumn Leaf Hill
TI,31-389-1775,Ingeberg,Vaz,290-226-4368,6203 Vera Terrace
CC,40-374-7704,Lorinda,Saiger,983-685-2960,808 Southridge Crossing
TI,87-644-4070,Fredric,Morriarty,542-600-4903,371 Hagan Court
CE,51-519-5903,Federico,Grigoliis,413-307-6243,3356 Cottonwood Drive
CE,47-516-6012,Gaultiero,Keppin,324-150-4081,041 Prairie Rose Drive
PP,74-922-4033,Luelle,Martino,290-574-9667,051 Mayer Court
CC,44-747-6909,Codi,Nazer,389-834-3698,49738 Upham Court
PP,35-865-0069,Kikelia,Greschik,312-660-5643,34 8th Point
TI,14-131-0315,Melamie,Duffrie,746-216-3954,07522 Melrose Place
TI,97-944-3620,Lucine,Insoll,949-676-6021,20919 Sullivan Alley
CC,15-103-2124,Valerye,Farrears,307-539-3514,2 Shelley Way
CE,03-673-5328,Ansel,Allwood,471-685-7289,97529 Goodland Point
CC,38-859-5752,Etheline,Fargher,925-677-3723,8 Kennedy Hill
TI,45-074-1000,Zorine,Goodayle,136-522-4209,83 Basil Drive
CC,71-938-8754,Jackie,Sudron,613-793-1314,4503 Marquette Road
CC,44-234-1379,Mariya,Cavet,217-174-7500,65 Utah Crossing
CE,60-733-4686,Yolane,Phidgin,808-741-2366,7215 Petterle Junction
PP,28-801-1798,Rosalyn,Gange,748-234-7445,745 Hauk Lane
CC,48-263-4534,Hendrika,Braden,697-929-4034,0 Del Mar Parkway
PP,58-839-5005,Konrad,Selesnick,334-400-3421,5 Stang Drive
CE,49-470-7289,Iormina,Maliffe,420-664-2269,86 Derek Junction
CC,03-386-5035,Leicester,Scholard,740-375-8825,63108 Farwell Junction
CE,26-214-6330,Reider,Juggings,350-343-4091,881 Armistice Crossing
TI,49-993-0135,Linea,Tuffell,117-168-7047,4 Brickson Park Parkway
TI,50-005-0543,Susie,Addy,159-552-0217,819 Westridge Alley
CE,57-694-2929,Huntley,Tollit,476-195-4663,0 Cambridge Crossing
TI,73-633-0801,Connie,Geldart,971-370-2508,64448 Kipling Trail
TI,28-789-7524,Pebrook,Erdis,871-205-9645,3 Manley Lane
TI,16-373-9370,Jacquette,Burtenshaw,634-226-6530,1822 Coleman Way
CE,15-963-8013,Angelique,Leyes,164-688-5794,4 Superior Terrace
CE,07-635-1710,Eleanor,Jurczik,750-571-6132,803 Carberry Trail
TI,48-995-3303,Kathlin,Andreia,851-128-7502,2 Shasta Hill
PP,33-128-8741,Byrom,Abbey,658-407-0476,6422 Muir Plaza
PP,89-825-2300,Shelley,Geram,932-636-7573,91074 Sloan Lane
CC,05-681-8304,Cathy,Folkard,192-480-1002,44735 Sloan Plaza
TI,62-515-6157,Jenelle,Cardero,347-104-2169,4392 Stoughton Junction
PP,77-824-1439,Rosene,Ferras,734-473-6869,83 Brickson Park Park
CC,77-920-2765,Jerrilee,Soans,564-665-0164,4 Pleasure Alley
CE,91-818-6159,Ophelie,Eckly,650-312-6824,7 Charing Cross Center
CE,99-776-8215,Marilyn,Gullefant,390-245-1853,4307 Lakeland Junction
CC,93-302-5078,Sarina,Denver,688-295-8601,003 Erie Junction
PP,72-798-9064,Kristel,Ducrow,905-919-0904,2 Arkansas Avenue
TI,69-251-4744,Auroora,Pointer,259-523-8954,561 Lukken Pass
TI,46-392-5190,Meara,Salling,686-720-6952,2458 Hollow Ridge Pass
CC,54-789-8692,Benny,Pawnsford,565-843-5680,01631 Kenwood Circle
CC,21-747-6644,Wilmer,Cottrill,662-888-8066,87771 Carpenter Park
TI,75-584-1411,Merralee,Tanswill,170-416-4274,5 Maple Wood Street
CE,16-983-7845,Ned,Eastment,237-807-8135,6423 Menomonie Lane
CE,08-866-4980,Harp,Stokell,244-515-2068,968 Anderson Road
PP,52-699-9993,Gwendolen,Cahill,342-596-1483,1802 Nobel Terrace
CC,77-876-4422,Fredelia,Vennard,416-671-4160,4 Brown Street
TI,28-907-7642,Orbadiah,D'Alesco,617-320-8674,4 Mosinee Way
CC,17-890-0180,Aurie,Scriven,940-903-4023,48835 Scoville Point
CE,14-882-7509,Falkner,Vesco,772-387-7394,573 Oriole Junction
CC,47-070-4541,Roldan,Dulwitch,312-260-8412,75 Dryden Lane
TI,44-502-5534,Carly,Pawling,569-298-6640,773 Canary Alley
TI,71-850-8284,Nanni,Jerrome,977-735-9995,385 Harbort Street
CE,01-611-2910,Ham,Rubury,154-144-9597,5313 Graceland Road
PP,06-454-1640,Davine,Soppeth,212-734-2849,40 Rigney Hill
CE,89-351-5774,Curr,Le Claire,202-451-9169,39145 Bluejay Hill
PP,24-072-0488,Wayne,Warcop,455-599-8266,70544 Lotheville Trail
CC,95-357-0018,Lee,Enevoldsen,356-584-9172,001 Eastlawn Lane
CC,47-891-2855,Shandie,Borel,679-978-1782,91682 Larry Avenue
CE,36-358-4839,Demeter,Sibery,330-818-9353,84218 Forest Run Junction
TI,23-583-0602,Morrie,Grindley,549-892-9048,2 Thackeray Junction
CE,45-364-1090,Nathaniel,Tyer,578-921-8154,5304 Carey Junction
PP,24-075-5315,Shane,Huleatt,893-406-5807,0 Crowley Street
PP,64-159-0381,Debby,Berthon,330-811-9903,4 Washington Drive
CC,43-742-7311,Ernesta,Element,280-342-0954,35477 East Pass
TI,89-186-4513,Rubie,Danzig,754-933-4052,71884 Sage Circle
CC,88-775-7039,Killie,Cain,400-474-7668,5 Farragut Avenue
PP,44-455-0575,Dionne,Boggas,727-592-2363,197 Clarendon Trail
TI,25-783-5023,Bibi,Mockford,482-941-9500,18 Straubel Parkway
CE,81-014-6540,Hedvig,Toffoletto,509-532-5583,5 Carey Junction
CC,11-434-0223,Ava,Fosdyke,407-976-5305,1459 Bluestem Junction
CC,61-388-2919,Birch,Grubbe,723-731-9063,5561 Anniversary Alley
PP,72-569-2474,Heinrik,Worlock,617-644-1890,353 Claremont Park
TI,94-904-6234,Leroi,Cridland,159-867-8431,69439 Straubel Place
TI,77-606-9283,Josefa,Enefer,845-176-7227,6 Center Way
CE,14-094-2994,Christoforo,Collington,135-832-8695,7 Bobwhite Place
TI,42-021-2955,Kaleb,Fawke,849-875-1684,861 Boyd Avenue
TI,43-706-4968,Rania,Sansom,399-917-2946,97512 2nd Alley
PP,91-122-6316,Mabel,Leppington,939-968-4280,4003 Mayer Crossing
CE,30-527-4844,Cary,Abernethy,612-408-5517,134 Sloan Parkway
TI,06-972-4801,Sasha,Towriss,696-187-3774,596 Manitowish Hill
CE,44-027-2930,Ravid,Robjant,931-942-6304,9635 Prairieview Lane
TI,12-848-8711,Prescott,Scurrah,863-710-6318,70959 Longview Avenue
CC,53-736-3914,Aurelia,Barnett,843-761-5732,394 Grayhawk Circle
PP,28-217-9169,Gaspar,Vandrill,513-169-4305,3 Arizona Parkway
TI,16-060-5285,Gustie,Nowick,919-690-4997,4746 Brentwood Circle
CC,42-703-0680,Allys,Lanktree,925-399-0121,76305 Shopko Point
CE,07-136-0232,Margette,Rodenborch,210-365-2703,9 Dapin Crossing
CE,49-477-4604,Marjie,De Vaan,309-125-4358,06 Maple Wood Pass
CE,60-925-8167,Janos,Borborough,830-733-8787,17 Shelley Crossing
TI,46-465-8477,Angel,Legrave,456-878-5703,9 Tennessee Place
TI,79-710-8848,Conrado,Duncan,531-227-0708,9 Petterle Lane
CC,28-761-2922,Coreen,Stoker,929-492-6616,7246 Pearson Street
CE,37-816-8219,Gwennie,Grimsdale,915-942-0490,885 Melody Pass
TI,40-730-2868,Rosetta,Halbard,436-979-6246,15 Jay Park
CC,18-160-4456,Jasmina,Wellard,214-528-5407,33017 Carey Road
TI,99-437-6383,Berkie,Lombardo,396-184-2491,880 Summit Terrace
CC,47-170-1501,Katya,MacGilpatrick,711-935-5890,3216 Petterle Drive
CC,00-904-1567,Sheena,Kear,751-364-6137,743 Toban Street
TI,59-392-0737,Hernando,Dowse,253-841-4822,747 Kensington Terrace
CE,20-733-2103,Mort,Farfoot,522-179-9427,836 Mendota Way
TI,09-426-0981,Lauryn,Linton,403-172-6123,28047 Fisk Center
CC,56-622-2672,Genna,Sliney,681-519-5438,35 Fuller Circle
PP,66-575-7324,Inness,McSherry,434-249-9186,94 Arapahoe Road
PP,93-790-3908,Jammie,Curryer,938-948-8746,0457 Rieder Lane
CE,42-953-2566,Sydney,Ferson,905-642-0132,69098 Shasta Center
CC,90-002-0836,Virgilio,Dunham,456-881-7793,7 Hanson Street
CE,49-131-3229,Sal,Chellam,250-426-8711,3 Lakewood Drive
CC,00-087-5296,Nickolai,Pyrah,250-523-2686,92327 Kedzie Place
CC,10-588-5793,Hamlen,Measor,721-954-6566,4 Paget Center
CC,52-252-2021,Carolyn,Minillo,499-113-2364,7 Dapin Place
CE,01-429-0553,Joey,Freckleton,685-603-5929,316 Warrior Lane
TI,31-767-7434,Jacobo,Eles,539-899-8839,83 Heath Junction
CE,58-082-0684,Karoly,Cowan,959-686-4383,51 Spaight Drive
TI,46-020-5334,Tiertza,Sommerville,518-195-4052,0 Fordem Crossing
PP,29-818-5554,Son,Savaage,277-352-9556,7853 Riverside Avenue
CC,57-483-2766,Jamie,Ganford,581-522-5720,7999 Heath Crossing
TI,55-314-2282,Rebecka,Ballantine,176-144-6746,78 Anniversary Court
TI,83-575-3771,Ellene,Tolotti,654-799-6360,7241 Vahlen Parkway
CE,61-305-5402,Aubrie,Rummin,654-252-3107,19347 School Place
TI,97-307-1672,Maire,Prettjohn,387-637-3885,5 David Park
CE,74-754-1175,Jaye,Geddes,865-785-6497,32443 Prairieview Place
CC,38-570-9156,Meredeth,Wooster,275-728-2142,46 Summer Ridge Place
CC,37-943-1078,Valeria,Culvey,387-205-6511,515 4th Trail
CE,16-650-4426,Rock,Gellert,681-448-5752,35 Londonderry Way
CC,36-374-2682,Koo,Tullis,561-195-3521,7516 Di Loreto Avenue
CC,88-784-7249,Marylee,Kynan,647-100-4757,9978 Cottonwood Hill
CC,63-989-5054,Lucita,Celes,825-707-2808,5 3rd Center
PP,00-348-6771,Petr,Bonnavant,856-962-2858,602 Blue Bill Park Place
TI,25-439-0072,Sid,Jolland,469-136-2442,04 Heath Alley
PP,22-381-6437,Christalle,Ciottoi,932-269-0580,30 Maple Wood Lane
TI,98-759-2611,Brunhilda,Vauls,641-138-8649,7340 Mockingbird Place
CE,51-842-7260,Minette,Sign,797-405-9492,9 Pennsylvania Avenue
CE,96-561-9631,Verene,Evamy,337-941-2088,42 Nova Alley
TI,78-100-1468,Maddi,Cosely,516-997-2194,0 Towne Junction
TI,72-819-4338,Constantine,Childerhouse,359-636-7391,4138 Eastlawn Pass
CC,19-000-7937,Eberhard,Barbrick,916-749-8852,32403 Bunting Crossing
TI,46-216-4949,Fred,Exley,443-730-5981,8941 Dixon Drive
CC,84-133-7700,Skelly,Godfray,715-665-9352,032 Brentwood Park
CC,07-547-1300,Wittie,Eringey,690-451-5661,21 Ludington Road
CE,24-042-2628,Bette-ann,Senior,789-878-9517,02 Mayer Park
CC,78-242-8289,Niko,Karran,296-123-3339,15987 Roxbury Avenue
TI,30-459-8829,Myrtle,Burnet,331-105-3139,99 Blaine Park
TI,40-174-0435,Arri,Randles,415-286-0743,14 Kipling Point
CE,13-683-3069,Roley,Pote,167-672-4842,47979 Colorado Alley
CE,74-920-7248,Ketti,Oughtright,139-201-9491,85272 Randy Circle
TI,95-070-1884,Poul,Reisen,285-442-8781,47318 Mallory Trail
PP,51-729-4338,Elise,Plues,976-902-1729,29 Stang Pass
CC,49-433-4386,Teodoro,Matejic,948-396-0272,64125 Cambridge Avenue
PP,54-263-9157,Davey,O' Meara,106-179-8267,083 Independence Hill
CE,72-372-6724,Nicky,Allsupp,989-731-6596,4905 Springs Place
CC,59-649-1723,Jorgan,Cooley,728-642-8726,334 Barby Park
PP,34-766-4420,Lindsey,Annets,204-907-5400,4877 Logan Lane
TI,06-631-8256,Hatty,Chyuerton,739-182-5007,30 Hauk Avenue
CE,38-336-6929,Correy,Freire,582-704-5884,5032 Schurz Terrace
CE,95-480-1972,Harris,Guinane,126-804-0443,1727 Warbler Center
CC,22-585-3360,Erick,De Freyne,503-464-9182,51916 Lotheville Trail
CE,84-922-6713,Balduin,Sharrem,507-295-4881,1132 Pennsylvania Point
TI,55-203-2592,Xerxes,Abramovitz,592-399-3961,1674 Mcbride Trail
CE,87-299-0596,Miller,Olyfat,175-116-6811,04135 Drewry Terrace
TI,61-040-8841,Quentin,Lillecrap,958-209-5534,87638 International Avenue
TI,58-924-4716,Valaria,Radin,871-144-7401,1252 Westridge Center
PP,78-174-1650,Benton,Chalcraft,387-886-3351,47 Erie Park
CE,07-178-0942,Sandro,Allbrook,391-717-4076,23898 Hovde Crossing
CE,12-638-3850,Dennet,Billington,588-542-7910,1 Stephen Way
CC,46-687-3570,Jamal,Mouatt,995-127-4524,099 Mayfield Road
TI,12-286-6369,Leonanie,MacKintosh,780-503-0117,46 Hovde Center
CE,82-698-3069,Caresse,Guntrip,736-993-0375,2901 Scoville Lane
PP,57-095-9903,Barbara-anne,Thirwell,846-494-6699,55 Forest Street
TI,55-687-4079,Heinrick,Oxbrow,465-455-0808,81 2nd Point
TI,42-850-8993,Bronnie,Pinxton,952-685-6962,5 Gulseth Road
CC,59-530-6933,Donavon,D'Alesco,503-128-6262,9635 Mayer Junction
TI,72-627-0370,Georgi,Calderwood,501-333-8944,1365 Onsgard Crossing
TI,41-549-7964,Faun,Francecione,906-696-0970,7985 Messerschmidt Place
CC,67-942-9668,Artemis,Ossenna,865-496-7375,2477 Farragut Pass
PP,86-638-9456,Aksel,Clemencet,963-530-2079,621 Barby Way
CC,64-554-0238,Sibbie,Fever,414-314-6538,86257 Bartillon Point
CC,78-513-9349,Ignacio,Guenther,457-880-2506,76705 Kenwood Lane
CE,17-644-8777,Goldie,Redfearn,901-220-7061,64 Saint Paul Place
TI,45-604-6546,Molly,Larkkem,179-770-0455,53 Gerald Junction
CE,55-622-1581,Kissee,Zamudio,206-661-2431,52 Redwing Alley
TI,83-525-5756,Clayson,Schultes,919-458-5203,8 Kipling Parkway
TI,76-332-6114,Valentino,Vaillant,742-242-9548,6 Manufacturers Circle
CE,80-764-3650,Ema,Ionn,295-201-9902,214 Eastlawn Drive
TI,12-611-6763,Alejandra,Brearley,707-678-6134,02433 Fordem Point
CC,65-783-3306,Mignon,Bettenson,771-515-3674,99637 Lukken Place
PP,21-818-2280,Melantha,Moggan,865-382-5127,0 Pine View Park
CC,41-477-7959,Tailor,Dressel,916-844-2245,753 Service Hill
TI,02-605-9059,Fonz,Loftus,657-264-8796,4 Manitowish Crossing
CC,26-874-6026,Em,Slafford,164-530-4411,5 Raven Crossing
CE,87-585-3865,Gian,Mullins,604-241-2906,816 Bayside Center
TI,29-094-8828,Jessica,Burgott,490-341-6922,58191 Daystar Terrace
CE,39-795-0054,Ashley,Bartoszek,279-202-3744,41143 Crownhardt Drive
CC,70-351-7874,Cilka,Trowbridge,235-941-0363,912 Mitchell Place
CC,65-728-6970,Denyse,Vallance,117-954-9999,9 Oxford Junction
PP,36-358-9619,Sharla,Rigts,770-535-9193,21 Pawling Parkway
PP,90-062-0612,Freddie,Leigh,254-141-6100,24463 Manley Crossing
CC,08-520-9220,Rolfe,Windsor,940-400-3058,617 West Lane
CC,62-737-5302,Dalli,L' Estrange,180-917-3737,72 Meadow Ridge Trail
PP,47-834-5920,Fiona,Howley,627-721-8896,0668 Myrtle Crossing
PP,13-264-3302,Dawna,Sellars,273-649-6627,4 Sullivan Terrace
TI,49-123-5152,Gweneth,Gumm,708-104-5693,97 Sullivan Place
CC,23-054-3939,Nikoletta,Eunson,965-602-5596,22369 Glacier Hill Lane
TI,53-242-5296,Mallorie,Kincade,546-702-9973,0 Spohn Avenue
CC,00-964-6342,Dew,Broadis,816-574-1649,4200 Garrison Parkway
CE,50-545-1090,Tommy,Roscam,745-314-2190,9270 Brentwood Center
PP,29-639-0787,Anni,Skuse,969-877-0121,8711 Tennyson Park
