ID type,ID number,Name,Phone,Address
TI,42-869-8690,Gusti Fretson,594-302-8813,82 Declaration Street
PP,33-219-6104,Nari Cerman,923-973-9085,0463 Packers Plaza
TI,92-447-0018,Emeline Errigo,368-139-4479,887 Waxwing Plaza
CC,80-788-0302,Robyn Byer,457-559-2145,53 Village Green Plaza
PP,59-518-0090,Pammy Ousbie,608-943-0022,974 Scoville Park
PP,42-935-3713,Adorne Farrall,873-572-0001,20 Dexter Place
PP,27-664-1040,Editha Knappett,509-802-3833,825 Shelley Avenue
CC,14-839-5439,Matteo Edmett,953-124-2836,9410 Jana Junction
PP,53-812-5497,Travus Aireton,999-582-1106,9 Marquette Way
CE,75-569-0941,Salmon Biford,820-371-1800,48 Debs Trail
CE,18-136-1356,Francene Hawtin,446-920-5655,55 Mariners Cove Hill
CE,42-581-8417,Justinn Bachura,746-916-3466,68 Green Hill
CE,57-583-8097,Dorry Parlet,549-917-5847,99 Brown Point
TI,04-334-5978,Belva Tolworthy,824-249-3452,9255 Pepper Wood Parkway
CE,40-489-1852,Herculie Turmall,405-854-2434,47 Westport Alley
PP,63-329-2870,Jabez Cherry,934-190-6349,811 Dexter Road
TI,27-684-8617,Berrie Cerith,225-813-9115,5 Donald Alley
PP,61-957-1911,June Adamsky,432-622-1072,6 Namekagon Road
TI,50-199-0860,Vinny Crop,778-804-5372,63749 Michigan Park
PP,69-560-4491,Hildegarde Ianetti,340-399-7401,84370 Corben Terrace
TI,55-411-5814,Ashley Dederick,133-470-3910,2 Forest Run Court
TI,65-584-9026,Morgen Ewart,111-370-6429,80499 Bartillon Alley
TI,49-014-3132,Abey Fiddeman,338-634-8291,4 Golden Leaf Street
CC,71-242-6082,Reeba Leeke,691-580-2252,59074 Kim Circle
PP,94-132-1335,Alyss Morrice,121-719-1148,08300 Di Loreto Crossing
TI,31-216-8028,Cherie Sherebrooke,992-325-9074,6291 Jenifer Park
TI,70-877-9786,Elberta Garnham,405-155-3877,0 Bunting Junction
CC,64-359-0053,Willetta Malt,195-462-6979,49918 Sherman Center
CC,39-428-3077,Zulema Paddick,874-338-6140,48 Arapahoe Way
CE,53-386-9201,Janelle Sargeaunt,288-968-5619,338 Pierstorff Avenue
TI,64-579-6303,Cosette McGifford,726-462-7140,0432 Kings Alley
TI,53-994-8677,Paxton Worthy,525-552-8729,64 High Crossing Way
CC,16-501-1602,Laryssa Mullender,356-404-9379,92727 Kennedy Pass
TI,91-062-2089,Luce Cook,381-162-9253,59744 Caliangt Lane
TI,64-718-5085,Ottilie Elgood,327-362-6023,923 Village Green Circle
CC,29-054-4413,Tuck Toolan,511-639-9003,566 Eagan Place
CC,46-860-6092,Rufus Cheasman,899-103-5942,00 Pennsylvania Street
CC,51-138-8124,Auberon Navein,309-845-1578,253 Ruskin Point
TI,06-233-2437,Sholom Rewcassell,923-877-3183,0025 David Lane
CE,33-712-9762,Bernhard Gottschalk,114-897-5347,8 Graedel Trail
CE,56-313-1388,Laurence Gadaud,679-856-2411,19431 Lakeland Plaza
TI,13-440-9147,Wilmette Smillie,276-637-1138,84606 Golf Course Point
PP,85-867-1652,Elie Stinson,628-874-4307,6287 Bunting Point
PP,05-738-1202,Elset Matsell,183-516-3320,7 Kennedy Point
TI,05-691-3685,Bronny Andrysiak,281-228-8737,25087 Kim Junction
CC,54-222-3390,Francis Carnalan,335-927-7674,53 Tomscot Center
TI,35-607-3525,Rube Caudrey,926-717-6152,1 Lake View Place
CE,04-927-3721,Hayley Londing,964-545-3332,28359 Butternut Lane
TI,34-228-1407,Cynthea Goldis,396-104-5436,97118 Forest Run Pass
TI,77-583-4064,Olimpia McIndoe,587-986-2314,109 Hallows Lane
PP,97-492-5642,Kayley Kennham,888-748-9661,7835 Paget Junction
TI,64-425-8468,Sansone Wistance,666-948-0273,6805 Autumn Leaf Crossing
TI,89-142-6732,Rosalynd Sabban,326-287-4640,57920 Hoffman Way
CE,89-333-9970,Fawn Clemson,538-573-9166,637 Gulseth Circle
CE,54-800-0957,Mia Mixer,372-614-5119,53187 Stang Parkway
CC,84-061-7122,Sallee Eaken,297-695-4808,73 Rowland Street
TI,28-453-2132,Norris Woodings,197-911-5551,0929 Macpherson Way
CE,05-072-7889,Kendre Schankelborg,517-726-4969,7616 Continental Parkway
PP,17-570-0321,Ruthanne Riggott,858-704-7741,4434 Derek Crossing
PP,94-165-5078,Sherill Gaenor,505-727-7861,55 Laurel Circle
CE,68-197-4249,Aline Siburn,342-403-5339,2627 Milwaukee Plaza
CE,07-333-2956,Stafford Gascar,487-947-0077,82694 Acker Alley
CC,19-726-6304,Clayson Juan,168-787-9406,18 Bay Point
TI,24-949-9095,Shir Kurton,545-311-9221,27652 Luster Parkway
CC,10-291-4660,Cynde Escott,630-565-2534,90 Village Terrace
CE,24-248-2433,Brigham Sheerin,330-176-5678,24362 Darwin Pass
CC,99-946-6029,Elijah Wilding,305-307-2357,0 Hollow Ridge Lane
CC,78-990-3276,Maynord Borris,734-402-5935,7474 Transport Center
CC,86-877-2594,Nerte Junes,467-411-3803,9095 Westridge Pass
PP,10-892-0002,Cacilia Coe,509-900-1512,20 4th Street
CC,59-262-0514,Karole Ghilardini,676-895-3570,6 Anderson Plaza
TI,63-478-3514,Gustave Phippard,497-349-5037,0 Hansons Avenue
PP,05-973-6009,Hurlee Ruddlesden,738-668-6637,72892 Continental Alley
TI,15-088-2491,Kimberli Gerger,826-791-6267,82151 Glendale Avenue
CC,25-935-0757,Cynde Hunting,418-470-5839,895 Vermont Street
CE,79-796-0033,Wendeline Dalloway,328-306-6248,517 Prairie Rose Alley
TI,24-048-2873,Marna Goodbar,822-927-0478,63 Veith Court
PP,37-934-3015,Emylee O'Dare,140-298-2877,433 Badeau Trail
CE,30-601-0958,Evangeline Molohan,942-135-6513,13 Helena Hill
CE,78-739-8683,Wes Allcoat,518-729-1948,4095 Sunnyside Center
CE,75-450-6667,Kirsti Yakobowitz,893-441-2058,3573 Calypso Court
TI,82-266-4606,Ellissa Quiddihy,960-856-0952,8568 Columbus Pass
PP,14-904-8836,Hastings Kimmerling,505-375-6094,3476 Quincy Hill
TI,68-649-6394,Manfred Cage,938-847-8215,0 Lighthouse Bay Parkway
CE,12-724-8147,Joshuah Bowlesworth,414-493-5345,6854 Waywood Way
CC,95-796-0057,Maridel Glackin,759-483-0017,0 Mariners Cove Road
CE,70-866-1783,Sherlocke Curley,309-889-1640,6301 Eastwood Crossing
CE,14-204-3355,Dennison Tuerena,318-929-8895,00833 Nova Way
PP,94-486-7861,Elsie Axe,933-898-9798,31 Heffernan Street
PP,83-850-8142,Coralie Billsberry,428-759-6837,06563 Thompson Road
PP,17-870-4071,Wain Tuddall,291-134-4533,981 Graceland Street
PP,51-807-9114,Robbi Annice,157-452-1137,12330 Westridge Court
CC,81-806-5245,Celisse Sambeck,951-922-8859,72892 Carberry Crossing
PP,28-504-0827,Nelson Towll,582-107-3812,20 Texas Junction
TI,50-795-0747,Lazare Deboo,701-637-4677,47221 Lighthouse Bay Lane
CC,29-163-9792,Gabriell Dienes,742-329-1509,4239 Declaration Center
PP,33-619-2292,Berget Gretton,222-799-4846,96 Bay Park
CE,10-995-4588,Bili Aris,745-781-3571,32876 Delladonna Plaza
CE,43-813-4595,Itch Scouse,858-351-7656,7094 Blue Bill Park Trail
TI,23-263-9955,Rab Skouling,475-985-6419,3 Maple Terrace
PP,75-962-7215,Franz Headingham,591-268-2179,722 Drewry Point
TI,16-135-6140,Karel Sappell,917-108-1955,62926 Vernon Pass
PP,40-148-0547,Peria Krochmann,583-549-5685,93 Nobel Circle
CC,74-590-7367,Brit Aldersea,721-788-3656,42126 Melby Drive
PP,36-373-2951,Leroi Blanking,135-295-0860,43550 Donald Point
CC,47-585-8344,Bobby Corry,622-893-3201,477 Sundown Terrace
CE,87-379-1295,Mindy Frawley,453-593-2911,282 Rockefeller Circle
CE,94-866-5432,Jacquelin O'Quin,131-769-4568,2632 Morning Place
PP,68-088-0736,Brooke Longo,733-764-2121,975 Alpine Way
PP,18-968-6415,Lyon Kob,880-990-5358,960 Stoughton Court
CE,84-461-0105,Maible Friman,289-874-6192,7154 Schiller Court
CC,27-099-7919,Sandy Laible,534-342-5152,9999 Cambridge Road
CE,26-555-4359,Stefano Peskin,623-187-6099,9 Drewry Crossing
TI,65-503-0020,Audy Blunderfield,945-260-9212,36 Merrick Pass
CE,43-765-9851,Adelaide Bycraft,289-704-6415,21 Summerview Road
CE,35-023-5864,Aldous Dederick,981-177-9406,1 Kinsman Drive
CC,32-748-6846,Melosa Hallawell,413-885-7011,54704 Dayton Plaza
PP,38-377-2518,Aimee Godley,672-340-6760,0 Ridge Oak Park
PP,33-641-4896,Kalila Fairs,955-308-5463,5706 Nevada Center
TI,70-916-9736,Angelico MacCahey,241-885-7608,43523 Buell Parkway
CE,61-407-5911,Wendell Dewitt,764-785-5016,4590 Jenifer Hill
CE,00-145-3615,Ryon Valek,264-845-7531,58551 Michigan Center
CC,41-031-0067,Mariana Salmen,940-586-1691,19 Rigney Circle
CE,77-511-6673,Ariana Dorrian,471-116-6797,11128 Ryan Drive
TI,04-365-8662,Cosette Lantry,607-401-8318,75237 Green Ridge Plaza
TI,16-052-0752,Morna Earles,267-265-1860,8991 Cambridge Terrace
PP,68-279-4129,Benedicta Castilljo,372-232-4108,17 Morrow Point
TI,88-560-7802,Myrta Oakenfield,827-783-9204,20888 Meadow Valley Center
PP,52-362-7332,Candra Jeeks,450-739-2482,08 Northfield Crossing
TI,44-801-3596,Dollie Palle,129-325-0547,82276 Merchant Street
TI,86-904-0670,Winona Ivimy,911-488-1713,2721 Union Junction
CE,41-245-9662,Cass Brabham,868-414-2936,54698 Nevada Center
CE,87-262-5725,Tasha Monni,788-279-9154,860 Elgar Park
TI,57-965-4322,Hillyer Southgate,154-205-7778,75 Express Plaza
PP,24-513-7857,Candi Organ,718-945-4338,987 Stone Corner Place
PP,48-994-5910,Sheree Dufore,583-139-5704,92 Di Loreto Center
CE,51-277-4177,Edwina Culross,150-527-2368,4 Schurz Hill
PP,64-562-7160,Byrom Riccelli,343-288-5552,5 Tennessee Street
CC,16-986-3233,Obediah Synder,263-467-7452,7853 Del Mar Pass
PP,76-373-3941,Celine Tilbey,133-928-2009,84 Tony Court
CC,43-713-6220,Luciana Cowan,924-832-0794,23 Carey Trail
CE,16-924-8657,Alanna Pelling,261-304-4576,08972 American Ash Point
PP,55-285-6214,Melitta Maddin,724-803-1631,48798 Miller Drive
TI,48-182-8864,Chrotoem Beavers,558-292-4080,95 Kings Road
TI,99-847-0744,Jerri MacKilroe,999-608-5479,29499 Oak Drive
TI,27-872-2895,Jojo Mc Carrick,300-970-4246,7 Granby Place
PP,09-520-3474,Clay Trowle,887-442-9351,97802 Bunting Court
PP,21-180-7309,Christy Meanwell,711-887-8284,52 Melby Point
TI,22-440-2160,Kendall Matyugin,757-541-4206,12407 Crest Line Park
CC,75-621-9532,Margalo Bastistini,418-992-9612,921 Morning Point
PP,31-499-2275,Karmen Mewrcik,335-146-5203,3 Reindahl Trail
PP,27-743-9344,Joana Deyes,469-353-5356,369 Coleman Way
TI,39-688-0779,Quincey Witherden,634-148-7891,33 Graedel Court
CE,63-762-6894,Odell Calender,489-485-4469,6117 Johnson Circle
CC,93-388-0118,Lew Dictus,339-104-7529,611 Bayside Alley
CE,00-148-1507,Man Karlolak,307-885-1593,4 Menomonie Plaza
CC,77-166-2329,Beth Wilkie,967-712-0457,5 Bluejay Pass
CC,78-901-4974,Celinda Worsell,180-799-9446,17 Kenwood Avenue
CE,20-088-0701,Gwyn Rook,608-423-2822,775 Kinsman Court
PP,47-251-2681,Wolfgang Cordero,595-390-1459,18331 Sutherland Drive
PP,65-954-8228,Brewer Bish,549-567-2691,584 Parkside Park
CC,05-995-3230,Lilly Baribal,843-662-8052,180 Shelley Hill
TI,03-927-2791,Roma Reucastle,781-897-3764,7 Pennsylvania Center
CC,72-978-1841,Leroi Daingerfield,450-247-8274,38 Jana Crossing
CE,45-406-3792,Robinetta Beacroft,806-621-3769,9506 Nancy Road
CC,07-432-9089,Ignazio Gomery,699-225-7962,193 Stuart Junction
PP,47-507-6042,Angelica Riordan,562-126-1873,4 Carioca Center
PP,23-399-4513,Daren Brabben,825-863-4284,6 Mayfield Place
CE,76-719-0389,Mill Merryman,111-313-5549,64 Cottonwood Center
PP,63-877-5026,Terri Accomb,978-509-8937,28893 Spaight Pass
CC,26-755-3149,Dorolisa Marl,746-383-1643,149 Aberg Hill
TI,64-741-3176,Kendra Warboys,128-814-5635,1464 Scofield Pass
PP,29-590-9617,Chrystal Babcock,933-153-0646,0 Springview Court
CC,84-114-1342,Uri Rentoul,513-777-0291,28315 Nelson Plaza
CE,33-944-7080,Kanya Gummie,191-250-3614,4383 Annamark Avenue
PP,00-899-9590,Morna Paramore,552-761-4944,797 Tomscot Center
CC,21-925-4282,Emalee Coggill,856-696-8790,3071 Elka Junction
CE,52-581-9849,Drusilla Boutellier,232-760-5686,1449 Straubel Lane
TI,13-364-9001,Coretta Eldered,190-903-5552,2237 Goodland Lane
PP,89-171-8681,Lek Levermore,387-537-3331,2 Sunbrook Junction
PP,60-291-8345,Wallie McVity,603-305-2603,807 Cody Parkway
CC,77-808-4264,Charmain Shillabeare,164-874-1105,4 Melrose Lane
CC,87-471-7710,Antons Dumberell,712-971-6248,0951 Monument Point
CE,94-172-9844,Claudio Trassler,532-579-0455,03 Maple Alley
PP,06-807-6835,Nana Firpi,574-588-5142,0 Glacier Hill Terrace
TI,70-174-6873,Cody Jansie,951-623-0403,8 Arizona Junction
PP,50-419-9582,Hartwell Murkin,103-114-6107,68 Pennsylvania Hill
CE,42-673-8922,Edee Lowseley,604-541-8400,6113 Anniversary Junction
CE,81-853-6042,Yvette Huntington,784-229-6443,0 Pearson Street
TI,75-792-5322,Doug Manderson,662-595-9693,81186 Pond Terrace
TI,04-743-5121,Riane Kuschke,508-174-6339,995 Service Circle
CC,27-218-7219,Emmett Bantock,445-321-0699,12 Esker Alley
TI,68-707-8088,Drud Rickerby,605-705-8717,68381 Maryland Junction
TI,88-908-8785,Emogene Rennocks,600-759-4799,18 Myrtle Plaza
PP,81-878-1438,Wilmer Spoward,651-284-1501,0005 Mosinee Junction
CC,22-867-4007,Robenia Peatt,269-924-1449,36 Miller Place
CC,69-302-0058,Farley Tuffs,307-654-9088,56 Shoshone Crossing
CE,02-455-4464,Corina Cadalleder,845-517-5967,13 Prentice Center
CE,94-393-2083,Gian Bransom,462-396-9223,0 Fulton Hill
TI,03-039-2964,Selig Guillot,753-892-5261,833 Corben Place
CC,54-145-6749,Lind Campes,377-213-4679,46329 Marquette Court
TI,70-150-2383,Waneta Remer,394-242-4394,78 Vahlen Junction
CE,16-169-1935,Ronalda Matteau,719-241-2511,2 Manley Hill
PP,82-206-3985,Fanchette McMurray,816-717-4385,83464 Esker Junction
PP,26-731-1141,Gunther Hynd,714-305-4294,9021 Shelley Pass
CE,50-280-5594,Nial Clutterbuck,970-326-9913,4046 Leroy Place
PP,04-154-8532,Maxine Sutworth,649-705-9432,6904 Paget Parkway
PP,31-748-3832,Dori Sample,552-757-6086,1360 American Ash Avenue
TI,04-614-8602,Dave Roxbrough,446-749-6867,5 Southridge Junction
CC,84-369-3386,Jillane Heephy,652-908-9413,5546 Monterey Hill
CC,07-969-6465,Eba Roux,318-553-5142,36 Jenifer Street
PP,49-625-1700,Sybil Searby,375-265-0425,66850 Mariners Cove Plaza
CE,08-339-7619,Nickola Lafayette,266-557-7721,3892 Fairview Trail
CC,95-032-5390,Ricca Bramham,394-108-2016,025 Stone Corner Trail
PP,86-404-9988,Marinna Jovasevic,381-694-3849,41 Pankratz Road
CC,01-044-7314,Ad Strothers,460-905-4944,05731 Meadow Ridge Place
CC,42-805-0991,Conrade Houtby,303-225-3895,2410 Springview Lane
CC,75-136-3384,Reinald Marchington,841-892-1087,5 Forest Dale Alley
CE,35-178-7443,Delano Danick,129-356-0860,0 Scofield Way
TI,42-106-1270,Wit Hukin,256-508-5981,3359 Fairview Court
CC,50-327-9894,Ezekiel Wycliffe,846-306-3148,83331 Gulseth Road
TI,14-296-4707,Kira Lots,840-245-2126,1 Kensington Parkway
TI,19-986-1183,Dominique Poolton,185-363-3512,03524 Arapahoe Pass
CC,93-648-2132,Petunia Helliwell,792-802-3981,5 Lukken Road
CC,66-707-8851,Angel Kesley,630-368-2499,94829 Monica Court
PP,99-535-1104,Dori Sperwell,680-802-2905,31444 Autumn Leaf Pass
CE,07-633-1784,Donielle Lorenzo,444-623-1275,288 Express Way
PP,29-222-9268,Cullan Leyfield,340-162-8433,760 Dwight Place
CC,68-029-7783,Afton Braunston,344-672-7713,717 Mosinee Alley
PP,72-710-2738,Theresina Whitington,467-331-7146,387 Hudson Pass
PP,61-015-2211,Claudette Lacroutz,895-759-1959,03 Leroy Avenue
CE,90-593-8783,Chaunce Pettett,161-404-1038,17 Prairieview Trail
CC,20-960-5373,Ganny Pennazzi,733-256-6319,9320 Elgar Center
PP,36-504-0332,Danell Fant,797-340-5358,6243 Sugar Park
PP,02-982-8398,Mellicent Christiensen,798-879-9009,9179 Sheridan Avenue
CC,64-253-6060,Zita Kearney,770-449-9938,2 Loeprich Plaza
CE,70-710-5849,Syman Slym,761-636-5545,13436 Darwin Pass
CE,50-061-5654,Sly Redolfi,289-647-5306,35756 Prairieview Alley
CC,78-763-9690,Carla Gales,116-531-7254,014 Tennyson Point
CC,74-476-9901,Ulises Conquer,180-135-6796,7 Melrose Junction
PP,03-950-1398,Ardith Bytheway,658-519-1582,54 New Castle Way
CC,26-020-4573,Patrizius Boich,774-410-2531,2504 Fulton Street
TI,55-245-6525,Fitz Borleace,961-162-1879,97 Myrtle Way
CC,39-886-1612,Mortie Dehmel,623-936-5506,4080 Blackbird Point
TI,34-611-7937,Audie Speck,716-832-3680,8151 Longview Terrace
PP,10-906-9483,Kinny Brixey,476-368-6735,4 Scott Avenue
CC,32-568-9764,Harriott Sones,464-691-8048,7196 Magdeline Lane
TI,46-499-8330,Tatum Le Cornu,994-715-5064,49 Old Shore Pass
CE,49-751-4356,Erinna Cavanaugh,390-721-3063,3432 Macpherson Drive
CE,55-153-6031,Miller Baldack,472-717-4596,4 Forster Crossing
CE,76-381-5954,Frasco Rany,390-418-1231,606 Ohio Circle
CE,24-090-4484,Taylor Clouter,489-333-3630,50 Continental Avenue
CC,76-188-6574,Verile Signori,988-194-0465,0 Eggendart Junction
TI,10-136-8270,Sondra Fiddeman,500-450-2121,22 Pond Way
CE,31-899-4687,Randy Barwell,181-145-2301,822 Waubesa Way
CE,69-317-5657,Kennan Simmens,885-326-7003,0 Marcy Hill
CE,05-650-2968,Delcine Sheber,148-710-7457,4434 Gale Plaza
CE,67-622-0037,Devora Clandillon,266-284-8921,17679 Hooker Lane
TI,07-064-9785,Garvey Bunce,794-957-8391,13 Summerview Crossing
TI,28-837-3726,Maximo Leate,564-337-7647,79063 Nobel Hill
TI,32-025-9925,Mollee Antonovic,969-626-1733,16 Milwaukee Park
CC,93-514-3047,Tamarra Castagno,872-327-0686,3 Sauthoff Point
PP,39-288-0207,Egbert Jimenez,985-803-0627,3487 Pearson Road
TI,50-481-2915,Roxi Volkers,386-839-3212,62382 Orin Plaza
CC,97-991-1250,Misty Pellett,885-106-6528,76316 Marquette Road
CE,50-815-3267,Glenn Sarath,176-971-6898,95836 Luster Pass
CE,16-496-1656,Karim Chevalier,620-395-3621,788 Parkside Place
CC,86-422-2844,Byrle McNess,841-565-5675,770 Elmside Lane
CC,47-486-6508,Rhys Dael,918-182-8614,18379 Carpenter Street
CC,23-978-3716,Stu Musso,633-193-7864,2255 Roxbury Junction
PP,15-638-1146,Berti Wreiford,223-722-1806,497 Summerview Drive
CC,91-221-4616,Bobbe Micheau,143-409-7910,1928 Forster Parkway
CE,69-374-0426,Natassia Lippiatt,629-719-8126,1 Dryden Court
CE,00-089-7919,Pall Tousy,302-511-7957,062 Blaine Hill
PP,06-077-4895,Glyn Hadny,300-471-0839,96453 Buena Vista Hill
CE,76-218-3814,Donny Edden,509-979-7903,0939 Granby Place
TI,67-945-7737,Janith Mac Giany,301-610-0890,496 Elmside Park
TI,89-782-4706,Cam Branchett,845-489-4582,6760 Emmet Drive
PP,97-200-6856,Gale Garnar,694-729-1070,8838 Carioca Park
CE,40-663-1432,Lock Gori,950-557-3199,67632 Oakridge Pass
TI,96-361-2882,Cesaro Zanolli,631-623-2923,4641 Goodland Junction
CC,44-069-5948,Katrina Garrity,391-305-8706,5 Oriole Avenue
PP,37-809-9272,Patricio Purple,599-220-2441,09636 Wayridge Point
TI,88-301-1492,Dorrie Mars,258-970-1315,2 South Court
TI,35-372-7274,Rogers Upward,742-868-9544,6 Sachs Hill
CE,43-273-7499,Viviyan Varley,226-801-6248,539 Shoshone Park
CE,95-630-1013,Etan Hammond,858-306-8615,84381 Colorado Terrace
PP,33-407-0959,Ailene Fylan,312-585-8275,4 Valley Edge Circle
PP,11-819-6062,Gordon Haitlie,370-145-9608,6 Butterfield Center
PP,36-798-4234,Iain Dogg,227-554-4154,2 Fisk Lane
TI,05-808-4696,Kilian Machen,399-224-0587,1562 Meadow Vale Crossing
CC,47-841-5192,Consuelo Veelers,163-344-4294,81066 Vera Crossing
CC,75-731-8572,Foster Benson,976-196-9962,13 Dennis Terrace
CE,97-860-1779,Matty Bartlam,679-916-9502,376 Onsgard Center
CE,01-734-8741,Jimmie Geldeford,335-793-5072,417 Forster Center
CE,00-751-9803,Angel Lornsen,854-327-4691,25 Susan Point
CE,92-586-6562,Demetre Spata,173-107-6573,1 Mesta Avenue
TI,30-065-6973,Chadd McGriele,927-280-6121,603 Hallows Terrace
CC,85-544-7293,Moyra Whitton,280-106-6896,5016 Hanover Way
TI,75-771-3698,Isaac Hairsine,795-618-1234,338 Sugar Pass
TI,97-961-3420,Tabor Anshell,929-271-9945,101 Burning Wood Circle
TI,42-827-0434,Anabelle Kynaston,496-199-6001,0670 Kennedy Circle
CC,49-954-1158,Xena Jensen,294-268-1127,232 Hanson Hill
CE,40-232-2737,Bartolemo Padbury,105-840-7574,55 Dapin Terrace
TI,88-721-7394,Bendite Moran,102-229-0858,4121 Graceland Place
PP,92-038-4244,Ynes Yesipov,231-463-8898,988 Anthes Place
TI,77-426-3657,El Nisot,223-472-8278,1 Steensland Hill
PP,88-468-1673,Janice Reeds,110-935-4315,40 North Crossing
CE,01-108-2334,Mellisent Attrill,591-999-2684,34450 Columbus Avenue
CE,11-340-3624,Herman Duling,291-654-4877,39627 Stone Corner Hill
TI,20-084-1095,Melodee Ivshin,225-786-2105,2 Lotheville Junction
PP,42-447-6968,Sonny Tebbitt,375-453-6390,5825 Reindahl Drive
CE,29-123-5561,Elicia Ashmole,818-288-1905,58 Messerschmidt Avenue
TI,10-423-5326,Reeta Sneesbie,678-954-5836,5295 Kipling Circle
TI,70-630-9942,Randa McParland,154-863-1844,2 Bunting Junction
CE,97-536-4873,Theresina Haskayne,640-706-2898,08298 Judy Junction
CC,17-973-2021,Veradis Selvey,370-649-7678,612 Vahlen Alley
PP,74-635-7397,Hortensia Ickovits,246-317-8108,7 Green Ridge Alley
PP,25-648-1718,Aldridge Pedder,917-835-6882,413 Transport Avenue
CC,14-562-5288,Justin Grassett,205-445-3660,6 East Drive
PP,38-550-8101,Olimpia Allcott,124-963-1028,35570 Hudson Avenue
CC,19-562-5537,Jewel Durrett,947-115-9966,63070 Gerald Lane
CE,86-304-3238,Ronnie Ishak,838-269-3827,64134 Pankratz Circle
TI,23-372-5051,Valeria Moggan,415-715-8809,6671 Meadow Valley Hill
PP,31-597-2492,Cynde Knatt,531-164-6448,6 Barnett Plaza
TI,69-089-8023,Nerty Merit,260-431-2377,12 Nobel Junction
CC,74-681-8054,Brucie Kittiman,816-535-4027,583 Maryland Lane
TI,22-751-2798,Garrot Ragge,986-908-3434,14 Kenwood Terrace
PP,18-494-2582,Trefor Bridgwater,753-713-7734,34 Autumn Leaf Road
PP,95-907-8189,Hermy Kachel,256-929-6945,78 2nd Trail
TI,96-331-8828,Rodie Basezzi,319-826-4607,168 Boyd Point
TI,47-498-5841,Bobbette Dmiterko,302-472-8313,5701 Hovde Alley
CE,83-275-4248,Vonnie Elener,119-657-0822,73 New Castle Terrace
TI,38-401-7759,Lucie Grotty,886-869-3964,86 International Point
TI,64-242-4047,Enrica Bissex,313-411-2780,3097 Nancy Pass
TI,58-219-5707,Jamaal Vignal,880-248-9330,5870 Oakridge Point
CC,60-462-5195,Avigdor Rotlauf,927-947-5573,7 Delaware Park
CE,88-848-3775,Mick Osgardby,772-493-8364,769 Sugar Place
CE,65-984-1160,Lorrie Yashunin,205-741-9168,0179 South Plaza
CE,70-869-7372,Cate Lempke,227-186-9999,0 Crowley Road
CC,39-113-6735,Zonda Bourdis,701-974-3575,5 Rockefeller Drive
PP,82-703-5788,Devin Rosenbusch,994-215-0760,1 Fisk Pass
PP,08-985-4212,Tomaso Prettyjohn,860-623-2931,4 Steensland Terrace
CC,63-264-6207,Michaella Uvedale,811-864-5060,65747 Mariners Cove Point
CC,02-324-5723,Brittney Kopta,288-125-8261,44 Warbler Lane
CE,98-895-6576,Joanna Purvis,582-287-7505,3066 Dakota Junction
CC,14-801-2576,Mavis Lafflin,124-484-4591,77676 Debs Court
CE,53-464-2561,Orlando Hutchin,346-236-0746,61 Schmedeman Center
CE,88-307-4615,Erwin Giuroni,164-448-6220,736 Carioca Trail
TI,43-237-7833,Donall Abella,670-418-9553,20920 Havey Way
CE,57-174-1985,Callie Tonkinson,777-884-9225,9159 Michigan Crossing
CC,70-306-7898,Scottie Harbisher,626-779-4390,6432 Schurz Way
PP,81-622-1649,Erina Aubrun,994-248-4918,4511 Roth Place
PP,65-680-0034,Cristin Gatcliff,451-365-0417,9 Badeau Junction
PP,07-636-1667,Cassius Reyner,718-659-2117,087 Bartelt Plaza
PP,86-488-3626,Tiffie January 1st,993-537-9376,4 Quincy Terrace
CC,46-116-5437,Stevena Radbone,602-809-9645,9 Riverside Center
PP,32-696-8048,Celina O'Gormley,423-718-4183,718 Riverside Junction
CC,88-994-7245,Rebeka Swainger,952-996-9383,9 Stang Hill
PP,03-855-6386,Othilie Muffin,621-700-7798,59251 Thierer Hill
TI,18-610-8646,Valentino Lorence,333-448-2873,8555 Lyons Avenue
PP,50-349-7272,Maryanne Willoughley,545-595-3807,5606 Brickson Park Alley
PP,65-905-3907,Marylee Dominelli,428-654-8477,0 Claremont Crossing
PP,95-367-4637,Dulcinea Cocker,939-367-1890,5 Clyde Gallagher Circle
CE,23-565-0730,Ase McCartan,690-589-3323,4 Buell Point
PP,65-508-4161,Lincoln Tapner,288-297-3675,33465 3rd Road
TI,15-896-7046,Keriann Ingram,710-343-1310,6 Bultman Avenue
CC,66-712-2570,Joanne McLeod,551-300-3696,891 Summerview Alley
CE,71-242-6496,Karyn Eringey,857-609-4155,6438 Westend Plaza
TI,97-674-4173,Raymond Pickett,354-737-3365,889 Valley Edge Street
CE,86-338-4372,Law Christall,765-657-4692,407 Butternut Alley
TI,19-642-0032,Astra Goddard,990-483-5896,32 Little Fleur Park
PP,69-962-7702,Rafaelita Darnbrook,417-120-1116,37 Cottonwood Point
PP,85-059-0393,Juliette Sindle,936-844-0935,6 Bartelt Park
CE,85-309-6289,Calypso Aizlewood,440-630-0966,72403 Onsgard Point
CE,03-140-9276,Chancey Driscoll,695-598-8213,95107 Anhalt Pass
CE,88-201-6900,Kathryne Diviney,951-937-1751,780 Lakewood Gardens Pass
PP,50-448-0169,Corby Youtead,550-545-4197,72 Emmet Pass
CE,46-915-6214,Randi Ragless,427-994-6005,95366 Blackbird Way
PP,79-747-3942,Arabelle Fotheringham,347-720-5125,416 Burrows Avenue
CE,73-279-8506,Skelly Luscott,266-981-4015,22324 Sheridan Place
TI,08-666-5427,Josey Snodin,268-941-6819,620 Eastwood Avenue
TI,35-920-5295,Ethelind Phoenix,903-604-5753,5 Hoepker Pass
TI,06-356-3659,Marc Senussi,817-738-7671,76522 Green Ridge Place
TI,93-826-6866,Jefferey Evitts,759-525-5535,151 Kropf Hill
TI,87-255-1945,Lorianna Hughes,967-200-0378,6 Moulton Place
CE,98-342-3856,Addia Lightewood,675-720-4465,1 Green Ridge Road
TI,72-522-8541,Budd Boerder,907-670-5110,150 Delladonna Center
PP,64-705-4038,Ulrich Rowley,593-875-2213,65 Mallard Junction
TI,84-416-1393,Rubina McBay,739-245-6175,682 Trailsway Road
PP,12-195-7504,Maren Basso,620-535-0887,1 Hintze Hill
PP,31-826-0121,Donnajean Fairbrass,330-867-9368,81714 School Road
CE,25-879-2996,Juan Genicke,419-675-1264,560 Schlimgen Center
CE,19-032-9157,Doralynne Brettelle,845-684-1201,52 Milwaukee Junction
CE,04-761-5390,Demetria MacDaid,110-517-3210,7 Katie Hill
CC,60-310-6691,Elfrieda Findlow,502-363-3202,354 3rd Park
CE,44-444-4838,Mohandis Coffey,653-835-9535,961 Transport Alley
CC,42-270-1014,Chandra Bellon,165-173-7244,94511 Raven Parkway
PP,01-212-6424,Kristen Imlaw,162-218-1606,22113 Roth Place
CC,45-670-5113,Roseanne Atterley,261-476-4367,52277 Lakeland Court
PP,91-176-7402,Marchelle Zorzenoni,806-226-2129,95 Dapin Lane
CC,62-048-2069,Ricky McGeoch,502-446-8009,274 Algoma Center
CE,62-983-8548,Earle Brigstock,532-442-0360,38338 Dayton Plaza
CE,87-383-9222,Elmo McCahey,699-663-9497,17 Basil Avenue
CE,79-023-3835,Ernesto Van der Spohr,351-383-2821,97158 Waxwing Plaza
PP,86-258-1079,Boyd Lemmen,196-596-8247,108 Elka Lane
PP,61-756-4974,Emelen Fearnehough,572-534-3083,951 Lake View Street
CE,41-172-7657,Cece Mouget,316-645-9870,2 Barnett Plaza
CC,72-477-5328,Jasmine Hardwell,796-112-3623,28653 Sachs Way
CC,23-976-6028,Oren Algie,605-474-3976,4 Annamark Avenue
CE,03-501-2786,Benson Falloon,993-243-3134,654 Center Junction
CC,95-424-4395,Artus Ortmann,210-685-4463,98038 Novick Lane
PP,85-448-6961,Halsy Petrelluzzi,299-269-4856,2 Lakewood Gardens Terrace
CC,39-480-3516,Genia Manvell,178-170-3691,88 Bellgrove Alley
TI,89-267-6217,Anastasie Heatherington,605-245-9813,9 Boyd Center
PP,50-352-4731,Nikolas Kattenhorn,480-885-3291,1 Surrey Avenue
PP,00-599-1253,Darbie Ingleson,787-346-8272,2 Maple Wood Pass
CE,80-789-1266,Martin Kempshall,803-198-9907,2 Toban Parkway
CC,88-115-5037,Kerrie MacCrann,109-830-2911,15507 Comanche Parkway
CC,04-927-3588,Devy Ferriday,589-869-1172,4 Heffernan Avenue
CC,18-553-7859,Bastien Culpan,213-593-1257,10 Spohn Park
TI,59-595-4812,Sheridan Grimston,807-850-5719,067 Lien Alley
PP,64-547-3939,Jakie Silber,399-835-2867,7 Declaration Court
CC,19-293-2789,Ariel Maseres,641-883-1447,9 Northfield Lane
PP,34-301-8699,Chas McAw,291-790-6053,0817 Arrowood Pass
TI,40-524-6992,Alvin Tills,804-292-2301,5 Birchwood Avenue
CC,17-138-9660,Willi Blazey,855-809-4051,0607 Hagan Trail
PP,07-512-5158,Rodrique McRae,762-623-9943,1319 Prentice Alley
PP,17-100-2779,Edy Fearby,226-122-9141,795 Coolidge Circle
CE,87-885-1052,Adella Maase,757-524-4778,33607 Ridgeview Alley
CE,83-380-8681,Kelcy Choupin,655-626-9039,1 Packers Alley
CC,15-922-6464,Kendra Bardell,872-154-9222,6 Farragut Terrace
CC,30-272-0898,Merilyn Szymanski,697-646-8792,967 Hollow Ridge Hill
PP,83-563-4685,Mycah Papps,605-628-9362,5099 Elgar Place
PP,07-878-7989,Tedd Beddie,308-287-8616,05 West Place
TI,39-369-6047,Perceval Hamprecht,160-601-7944,5 Dorton Pass
PP,48-885-1419,Shari Monnery,847-751-9310,5 Forster Plaza
CC,43-805-4436,Ashbey Dashkovich,100-599-3983,6 American Way
TI,67-169-6254,Gwen Featherstonehaugh,750-605-8309,5 Sheridan Circle
TI,38-594-9768,Asa Blacket,982-406-7847,052 Anniversary Pass
PP,60-756-7398,Helga Theodore,261-944-7688,12768 Russell Lane
CC,68-009-7570,Sande Mingus,132-674-1154,7319 Schurz Parkway
PP,54-806-8694,Grantley Lancett,208-712-9240,8 Knutson Crossing
CC,52-394-0399,Alvin Hitzschke,201-696-2585,74917 Loomis Plaza
CC,29-980-5152,Gwennie Siggins,497-905-5420,01416 West Terrace
CE,23-099-3989,Netty Pund,348-493-5187,52324 Logan Junction
CE,18-298-1843,Willey Lesek,106-965-7917,5 Monterey Drive
PP,58-394-6854,Eleanora Stanley,847-993-7184,05 Shopko Lane
PP,32-076-3162,Gilemette Goody,844-152-4249,4741 Milwaukee Court
TI,75-036-2966,Lew Missington,479-632-6886,34709 Twin Pines Drive
CE,38-132-1973,Kore O'Shaughnessy,302-880-0166,88752 Trailsway Point
TI,96-842-3396,Beret Dransfield,574-260-2978,25 Homewood Avenue
TI,01-265-9892,Matty Burnand,162-752-7444,2614 International Alley
CC,30-796-0693,Averil Bonass,729-795-7571,3 Karstens Park
TI,16-856-7904,Gypsy Cronkshaw,235-723-7571,046 Tennessee Center
PP,83-165-2677,Port Cackett,718-597-8522,4964 Dapin Lane
TI,03-741-7465,Stern Ashley,980-373-6547,4499 Southridge Crossing
CE,40-946-6237,Winni Cropper,887-354-6535,58201 Maple Avenue
CC,09-621-6868,Noble O'Hartnedy,187-965-4712,3785 Thackeray Point
TI,47-884-5804,Ker Biaggetti,983-618-7905,389 Lien Avenue
CC,11-899-6969,Cale Stiven,894-588-8964,442 Rockefeller Junction
TI,72-758-9991,Jamill Whitehouse,956-225-5840,037 Sherman Place
CE,82-132-8565,Moyna Fitzsymon,885-419-4314,4 Anzinger Circle
PP,54-682-5734,Traver Tebald,187-621-7648,515 Roxbury Park
CE,21-126-4065,Julianna Fullegar,754-501-5400,8508 Melby Plaza
CE,55-522-1636,Briant Stafford,985-124-7351,6998 Walton Hill
PP,29-420-7011,Dannel Treadway,449-862-1437,4 Petterle Court
PP,66-622-3361,Emlynn Ramel,988-924-5588,2375 Warbler Point
TI,04-915-0191,Jillene Lowseley,968-399-4489,0726 Banding Drive
CC,37-243-2474,Say Chaston,369-197-0313,0871 Ilene Crossing
PP,44-284-6416,Cecilla Felce,452-823-7056,36462 Butternut Trail
CE,16-957-7401,Elsey Hardey,557-119-1606,23425 Mandrake Place
PP,82-269-6364,Julietta Empson,387-567-5878,37 Mallory Drive
CC,41-975-1959,Sergeant Tamlett,116-986-7206,744 Northland Road
CC,42-629-1054,Montgomery Eddy,850-199-6360,322 Sachtjen Avenue
CC,86-791-9619,Cecil Sedman,635-141-5327,7556 Vernon Hill
TI,55-526-4979,Bartolemo Paddeley,701-559-5618,0200 Gale Court
CE,49-732-9141,Job MacAloren,887-968-8501,4 American Road
CE,03-079-4461,Georgetta Cregg,700-754-0913,6444 Ilene Point
TI,54-581-7900,Davidson Philpin,339-208-3433,876 Village Green Place
TI,61-857-0023,Wilhelm Gartshore,380-448-1135,1 Hoffman Court
CC,82-002-8731,Ricki Morris,817-955-5101,58 Garrison Point
TI,75-623-9975,Filberto Suggett,961-513-8027,97885 Park Meadow Drive
TI,94-084-0321,Alfons Duggleby,541-641-6533,50284 Shoshone Junction
CE,13-053-3256,Anjela Immins,147-654-4214,55300 Grasskamp Avenue
TI,34-795-5084,Brigham Scarsbrook,714-782-5968,5850 Briar Crest Place
CC,96-725-3137,Esteban Belf,187-274-3459,65 Valley Edge Plaza
TI,71-733-4003,Walt Dibner,686-925-3528,2977 Columbus Crossing
CE,12-178-3194,Kinnie Reap,191-297-0236,37 David Place
CE,13-984-8802,Linet Luff,618-834-5524,539 Butterfield Avenue
CC,19-796-9988,Margalit Daile,944-935-5055,13282 Anhalt Trail
PP,31-471-6947,Tanner Darter,947-900-1273,8 Golf View Center
TI,78-141-5427,Haleigh Kennedy,839-905-8515,9291 Bobwhite Point
CC,66-869-4914,Gabe Renac,131-661-0448,795 Derek Terrace
CC,57-126-2528,Rupert Fassbindler,589-247-9725,227 Bultman Alley
CC,73-511-8451,Cesya Tibalt,189-408-0734,2 Ludington Center
PP,71-758-9289,Laurie Rolland,988-611-3491,0768 Del Mar Terrace
CE,12-399-7361,Melli Rollings,200-892-6274,11178 Glacier Hill Way
PP,75-855-1943,Kirby Jeannequin,344-743-2191,163 Paget Circle
PP,67-751-8000,Gerri Escofier,700-933-1995,80657 Bunting Hill
CE,12-001-7120,Toddy Defond,966-449-8741,63 Elgar Hill
CE,07-203-8723,Sibylle Stather,905-975-4262,45085 Talisman Road
PP,87-672-9363,Celka Scherme,966-753-8601,952 Hudson Center
CC,67-280-8065,Rabi Glendza,289-124-0503,1868 Carberry Alley
TI,90-431-8852,Flora MacKaile,746-726-5137,075 Bayside Circle
CC,75-627-0372,Edithe Westoll,868-520-0653,5775 Oak Street
TI,06-409-2869,Rachel Rex,281-248-1798,12521 East Road
CE,34-272-7631,Nathalia Volke,111-505-0264,18 Darwin Plaza
CE,56-717-2338,Gabie Vanichkin,124-740-3599,44094 Hauk Park
PP,32-350-1331,Audy Ekless,646-752-5736,90038 Dennis Center
CC,46-503-0190,Louie MacKibbon,301-539-1899,67 Summit Way
PP,67-649-7059,Bernie Flieger,486-518-0652,14 Esch Drive
CE,02-072-8626,Gusti Bampkin,322-655-7271,42198 Larry Pass
CE,85-847-8107,Ludovika Vankeev,692-667-4438,1 Hoard Point
TI,88-890-1332,Krispin Kettridge,935-283-4420,85865 Londonderry Parkway
TI,83-124-7461,Lila Chatto,434-801-5123,62607 La Follette Trail
PP,71-499-3494,Roseann Bartle,831-642-2201,96488 Sullivan Pass
CC,99-748-1733,Peadar Luxton,781-295-0340,5 Westport Way
CC,68-056-9560,Jared Follows,117-958-1392,6 Nancy Avenue
TI,38-189-6013,Massimo Tretter,223-230-2606,7698 Comanche Point
TI,78-641-0578,Gothart Volette,151-146-6921,67 Fuller Plaza
CE,90-654-2298,Cosette Decaze,113-240-1901,3783 Sullivan Plaza
TI,16-719-1521,Jacques Lacheze,559-288-2130,15 Paget Parkway
PP,71-971-6614,Katheryn Renny,980-253-6693,77768 Anhalt Way
CE,56-345-0966,Abner Bathoe,153-558-8173,99 North Pass
TI,06-273-5998,Mick Sigsworth,722-394-7738,4673 Mendota Terrace
CC,12-742-0220,Doy Malkinson,576-203-8274,513 Barby Avenue
PP,40-136-6185,Koren Jealous,412-688-6156,18 Sloan Hill
TI,48-654-6922,Jade Gerhold,334-994-0762,04 Rutledge Hill
CC,44-863-4535,Lorry Saltwell,638-391-6828,80044 Merry Lane
TI,71-660-1340,Gertrudis Fooks,424-286-7173,4 Kedzie Crossing
CC,67-498-9927,Cherilynn Woodrup,589-629-4383,7831 Heffernan Terrace
TI,95-880-3504,Delmore Mourant,195-730-8817,37126 Becker Lane
PP,09-326-7626,Verney Bunyard,116-803-0416,6351 Aberg Road
CC,53-995-4795,Rogerio Duffan,883-375-3739,18203 Melrose Center
CE,94-477-9332,Artair Blackboro,576-790-2302,6766 Starling Hill
TI,86-783-5615,Carolus Redd,784-442-3110,205 Summit Avenue
PP,12-856-8292,Urban Rugge,156-308-7212,55754 Oakridge Junction
TI,74-467-4391,Joli Lidden,328-776-7056,0179 Michigan Trail
CE,20-065-3228,Efren Scamadine,967-571-9885,22 Ronald Regan Parkway
PP,77-198-9899,Charisse Teaser,348-658-5662,188 Steensland Avenue
TI,02-967-8266,Elbertina Chill,743-279-9653,06 Derek Parkway
PP,65-262-0227,Sonni Gowrie,618-895-9015,4 Clyde Gallagher Crossing
CE,15-100-6990,Lotty Tufts,136-343-1322,5 Mcbride Place
PP,82-321-5945,Pat Codner,710-312-8849,3 Mockingbird Drive
TI,37-703-8785,Aurora Senter,740-304-1476,51 Waubesa Trail
CE,52-917-6823,Arleen Roset,530-172-1476,20471 Donald Court
PP,61-980-8251,Vaughn Hanmore,965-330-1062,89 Pearson Parkway
PP,03-364-0815,Earvin Dorsey,703-542-2927,372 Homewood Junction
CE,42-721-3223,Clayton Quest,248-500-2354,0 Tony Crossing
PP,25-470-1256,Aviva Houseley,932-886-7192,604 Colorado Hill
TI,01-942-6820,Ainslee Pighills,402-915-1174,7940 Milwaukee Park
CE,36-896-6303,Winnie Riddles,200-161-7630,79780 Montana Avenue
TI,50-828-1324,Sandie Kettell,555-691-7524,17 Briar Crest Pass
TI,93-526-4555,Gladi Barbrook,922-586-7715,82700 Cherokee Alley
CC,81-620-7041,Chet Gladwell,939-685-7375,96614 Moose Hill
PP,09-062-1704,Pietrek Emnoney,384-900-6931,7572 Fallview Park
CC,45-570-0559,Ninon Paulucci,257-769-1084,6162 Anhalt Avenue
CC,98-491-8030,Mirna Blakiston,396-899-6393,698 Vidon Drive
CE,96-150-3248,Boycie Allonby,366-845-3310,876 Kedzie Lane
PP,44-695-9442,Haroun Haythornthwaite,161-322-0097,76 Pepper Wood Court
TI,92-381-4540,Julissa Rowbottom,742-310-7313,492 Shasta Place
TI,76-595-7355,Burch Sammon,578-755-3102,9269 Raven Drive
CC,16-962-2748,Moe Braybrookes,878-736-2783,7 Del Sol Center
CE,70-022-7010,Bernadine Shrubshall,427-399-5402,1 Scoville Street
CC,13-946-0358,Constance McCahey,634-876-2581,7 Springs Avenue
TI,50-540-0241,Marie-ann Belison,448-160-0330,06155 Amoth Lane
CC,37-031-7624,Arvin Dimmack,660-511-4181,476 Nancy Plaza
PP,35-085-3089,Yasmin Sinkins,409-849-4273,083 Jenna Junction
CE,85-473-9056,Elianora Gernier,610-345-0974,9532 Kinsman Pass
TI,33-062-7444,Clare Kasperski,525-211-0271,34 Ilene Hill
TI,17-990-8503,Laughton Jenk,367-976-3187,798 Graedel Trail
CE,72-710-0842,Jada Headland,490-567-0755,67 Bunting Trail
CE,47-582-3252,Heddie Blease,838-333-2731,376 Lerdahl Avenue
CE,71-622-1923,Christan Ritchings,591-683-9955,095 Schurz Junction
CC,03-830-7900,Eada Sweetzer,654-571-6830,58 Truax Circle
CC,04-159-3715,Domeniga Manion,126-515-9960,5 Kinsman Crossing
CE,57-713-0720,Annis Yellowlees,477-774-4256,81788 Monument Circle
TI,29-245-7842,Barth Rapport,504-899-2518,2930 Mayfield Terrace
TI,97-056-3284,Shaun Goolding,827-188-1146,658 Dahle Center
TI,61-757-1125,Jameson Cawtheray,348-262-9795,29 Dayton Alley
CE,40-833-6527,Desiree Brake,302-145-3852,7 Rutledge Circle
CE,11-352-5505,Toddie Rayworth,408-194-0092,692 Loomis Junction
CE,28-181-4628,Pattie Jaksic,585-510-4338,0 Blackbird Plaza
CE,16-287-0149,Matty Duchenne,999-977-7002,269 Sloan Circle
PP,88-329-9862,Kimmi Paullin,702-731-1454,40 Rockefeller Plaza
CE,54-218-9291,Kelli Skarman,745-421-9360,6 Red Cloud Court
TI,95-172-3097,Bronny Marginson,720-547-1447,99 Del Sol Street
CE,83-955-9985,Karine Trinbey,291-958-7132,4 East Alley
CC,52-736-4971,Ardine Zecchii,116-195-7627,9374 Buhler Plaza
CE,73-278-4495,Natassia Fernie,663-834-5765,135 Brown Road
TI,95-909-4483,Hilliary Canas,567-150-5063,114 Waywood Point
PP,54-090-5752,Jan Circuit,263-150-9684,16517 Toban Avenue
TI,40-403-9878,Alfi Meltetal,959-362-9923,420 Mayfield Street
CE,99-736-2530,Edithe Oxbie,205-227-5245,9106 Northwestern Hill
TI,10-256-7345,Gordy Coulson,702-471-8726,304 Linden Court
CE,06-979-6955,Trudy Drewett,350-726-5013,8 Shasta Junction
CC,39-998-4050,Falkner Caulton,574-433-4499,420 Ilene Park
CC,31-303-6358,Elicia Hawthorne,962-690-7706,56542 Shoshone Court
PP,70-616-3036,Reuben Ducham,881-291-8594,1 Lawn Lane
TI,53-353-3608,Allys Boreham,330-884-3106,5 Nancy Terrace
CC,73-305-3489,Myrvyn Leopold,359-888-4150,973 Rigney Point
PP,28-585-5244,Jorie Beardsell,488-496-1089,045 Starling Trail
TI,12-766-5572,Merv Simionescu,429-386-0298,3 Leroy Terrace
TI,09-259-6157,Nedda Gawke,786-211-1792,805 Grover Crossing
PP,10-226-5293,Emanuel Cozby,832-102-9792,3450 Cottonwood Crossing
PP,33-162-9109,Kermit Hawtrey,416-289-5034,736 Autumn Leaf Court
CC,06-916-6435,Mervin Yanov,762-815-0966,96 Heffernan Street
CE,41-717-3151,Cassie Pople,893-932-4197,62 1st Junction
TI,50-637-1805,Lesli Seid,198-766-0185,94221 Becker Street
TI,49-150-2376,Ailis Kees,756-411-3217,4 Helena Way
CC,47-577-6111,Nara Grace,449-147-6830,40654 Eggendart Court
TI,57-220-5018,Ellissa Rushmare,841-279-8628,73273 Goodland Junction
TI,78-389-6142,Rodolph Myrie,480-643-2789,961 Pleasure Crossing
CC,90-037-9881,Marisa Malyj,997-479-3412,6600 Scoville Park
TI,94-393-4315,Lee Karpol,650-413-1164,7 Roxbury Plaza
CE,48-897-8910,Sammy Brookes,400-670-4054,49 Caliangt Trail
CC,06-079-1930,Ruprecht Minney,867-999-0114,7690 Ryan Place
CC,78-739-4269,Gilberte Kimmitt,181-406-9420,54 4th Avenue
CC,32-171-0006,Marcella Salmen,104-766-1378,275 Swallow Pass
CC,24-516-1259,Eugenia Fallows,540-989-2917,6780 Scott Lane
CC,49-076-9585,Carol-jean Izkoveski,854-254-2972,0 Blue Bill Park Street
PP,99-449-3308,Cynthy Whiteley,882-847-3192,2866 Barby Park
PP,33-434-9236,Roxanne Earnshaw,361-244-2830,20208 Hazelcrest Crossing
CC,18-135-7440,Walsh Roskam,998-657-5826,469 Maryland Terrace
CE,14-723-8805,Luelle Eddowis,579-279-6067,3399 Old Gate Alley
CE,91-328-0605,Aylmar Stallwood,177-169-0132,3664 Mcbride Circle
TI,98-109-1401,Marga Breadmore,286-660-9389,91624 Riverside Crossing
TI,55-503-1891,Sarah Tregear,311-744-7217,01 Mitchell Center
CE,84-116-4356,Kariotta Baume,259-819-7833,03056 Hooker Road
CC,07-185-4091,Barry McKune,514-564-6924,9154 Texas Center
PP,31-627-7062,Meara Rickerby,456-146-5249,47450 Village Green Terrace
CC,45-006-7575,Osborn Holburn,571-881-8288,1344 Bartillon Court
PP,65-217-1477,Waldo Houlison,876-420-9171,46942 Carberry Park
CE,64-526-8311,Paco Winridge,130-473-9368,71770 Northview Park
PP,39-581-7607,Sherill Miner,555-536-1803,9 Alpine Center
TI,64-939-2112,Marleen Parnby,771-245-0575,85 Nevada Avenue
CE,57-036-6941,Ekaterina Kestle,686-862-4751,12870 Green Parkway
TI,16-716-5204,Curtice Cawdery,665-489-8604,4 Goodland Center
CC,54-931-5694,Annadiane Arbon,616-306-4124,6 Saint Paul Parkway
CC,75-628-7075,Patrick Lakes,136-155-0033,2 Nelson Plaza
TI,13-348-7077,Frannie Twittey,407-777-3919,21 Jenna Center
CC,21-020-3784,Alick Charles,833-943-2800,0001 Morning Parkway
CC,30-730-3155,Montgomery Heaselgrave,948-466-0574,424 Shopko Circle
PP,50-252-2883,Jeannette Rehm,138-842-3049,88316 Hansons Way
CE,99-071-0771,Malory Snufflebottom,790-845-4584,99130 Boyd Junction
TI,14-978-6939,Lindsay Greenshiels,421-608-2389,21 Lien Way
CC,14-655-7621,Mariette Pobjay,454-847-3102,92 Sachtjen Terrace
CE,35-679-5831,Anastassia Tincknell,315-854-1682,4 Bayside Hill
TI,87-172-9268,Zulema Gemnett,130-997-9613,8 Acker Crossing
CE,02-614-8636,Olivier Truwert,553-534-6488,93929 Maryland Way
TI,58-765-9036,Ange Mangeot,939-422-4713,92183 Clarendon Court
CC,17-456-1343,Robinett Walls,799-632-4993,81 Hauk Park
TI,62-046-7044,Maris Gabbidon,354-925-4663,71106 Fulton Road
PP,43-957-6502,Kimmi Sansam,327-321-4089,044 Memorial Point
PP,61-093-9883,Mirella Archdeacon,338-209-6886,284 Roth Parkway
TI,94-404-2652,Gaylor Baylis,783-115-8339,49 Forest Dale Parkway
CC,21-911-5186,Rooney Filippov,826-799-8683,24499 Bellgrove Drive
TI,79-816-1897,Tallia Edge,330-962-3837,6278 Hoepker Avenue
CC,48-301-2542,Mead Natte,719-322-9214,04529 Beilfuss Center
PP,30-521-6977,Walliw MacCorkell,849-288-7672,16188 Prentice Junction
TI,07-691-7299,Glen Dabnor,921-691-1430,118 Gale Plaza
PP,87-422-9842,Eustacia Brookwood,887-506-4239,67201 Arrowood Parkway
CE,21-176-5968,Pauline Bartozzi,838-806-2062,7 Stoughton Parkway
TI,67-129-3516,Marshall McCorkell,321-688-7012,24 Mayer Place
CE,83-550-6255,Marjy Stubley,145-735-1459,030 Mccormick Park
CC,30-884-5865,Raimund Oldford,406-441-1399,49142 Portage Road
PP,38-091-1917,Abdul Kingescot,817-801-4652,292 Hayes Junction
CE,28-926-3900,Klaus Grimditch,169-780-9580,256 Sullivan Road
TI,73-271-0746,Bob Hannabus,962-819-5356,2 Rutledge Alley
CE,91-913-9459,Kare Kennedy,200-254-0403,5030 Old Shore Drive
PP,66-393-0433,Lonnard Saunper,211-436-7755,2887 Merrick Junction
CE,56-845-7982,Arabel Corbet,313-821-2167,780 Basil Pass
TI,07-225-7732,Ginny Toope,505-618-8523,0 Menomonie Street
CE,37-696-2246,Johnnie Custard,990-115-3761,71 New Castle Junction
PP,07-330-7181,Aidan Muncaster,481-490-2823,396 Anderson Avenue
TI,51-489-3784,Giovanni Legat,727-902-9525,1 Steensland Street
TI,53-271-7687,Katya Ogilby,168-206-9093,09435 Roxbury Crossing
CC,75-625-6389,Keir Argontt,395-344-1068,11 Victoria Plaza
CC,50-582-2998,Xylia Tremethack,780-483-8097,03 Arapahoe Street
CE,56-821-1222,Bourke Abramamov,618-547-7714,1155 Northridge Circle
CC,70-828-3238,Roger Ivanitsa,303-930-4501,8332 Melby Junction
PP,42-174-9180,Gerardo Gelly,950-373-7710,923 Anzinger Lane
TI,24-255-9383,Teirtza Blizard,157-200-3360,2 Emmet Place
TI,78-195-6624,Joelle Bird,987-327-2452,39 Dovetail Crossing
PP,10-688-6050,Emeline Tomczak,682-202-0269,266 Valley Edge Road
CC,09-487-5092,Crista Greenwood,373-692-9883,92871 Maywood Terrace
TI,87-822-2503,Isaak Moberley,480-798-6195,4856 Summerview Road
CE,06-777-2061,Oliver Grinishin,571-298-6182,1 Larry Drive
TI,98-719-8493,Tabby MacDonagh,135-737-3784,14 Judy Crossing
CE,21-398-2569,Vasily Ondrasek,452-636-0482,464 Fairfield Trail
CE,38-132-3525,Joseph Edy,856-882-9906,26579 Armistice Drive
CC,82-542-3898,Nicolai Gregol,800-891-0536,56 Delladonna Lane
CC,18-613-7825,Clemence Kumar,618-323-0349,9 Myrtle Terrace
CC,49-771-6553,Dedra Ellse,479-841-8113,98 Manufacturers Hill
TI,34-817-9094,Lammond Hasted,850-104-5366,949 Sheridan Park
CE,08-197-6368,Juliann Reggio,798-208-3337,14 Canary Circle
CE,84-205-4305,Mary Stickles,844-875-6424,33571 Merchant Place
CC,72-891-1123,Wyatt Batte,707-599-8381,9362 Glendale Court
CC,57-907-4710,Tildy Pionter,589-467-5082,32 Mccormick Trail
CE,83-302-2286,Braden Dykas,740-650-8342,76 Stoughton Circle
CE,85-400-2067,Kilian Clegg,744-863-8660,0 Kipling Center
TI,41-636-1942,Evita Keeble,318-614-6440,943 Blue Bill Park Plaza
TI,06-979-0158,Rhodia Elph,389-156-8182,3 6th Place
PP,96-302-5019,Phillida Higgan,845-583-4463,03 Starling Lane
CC,70-486-4790,Stefania Kummerlowe,897-156-2611,12330 Oak Alley
CC,24-437-5407,Dacie Pierrepont,608-832-1293,2028 Kinsman Trail
CC,60-089-4663,Gayle Raatz,953-685-7085,64585 Dahle Trail
CC,79-641-8058,Arty Kneebone,571-994-5667,3 Fairview Pass
TI,46-856-8273,Allyn Dussy,305-633-6511,6 Trailsway Street
CE,34-858-6307,Garnette Purkins,206-282-4857,6 Delladonna Pass
PP,05-218-9570,Hersh Rodolf,453-626-7639,6 Fairview Point
PP,11-828-0585,Pansy Doll,630-666-2692,5213 Buhler Drive
CC,22-156-4833,Bill Gallimore,667-119-7831,7832 Crowley Parkway
PP,28-115-9582,Wallie Satteford,305-601-3440,3159 Park Meadow Drive
PP,07-724-9888,Jan Aucoate,217-919-9012,88106 Ridge Oak Lane
PP,39-888-8041,Galvin Himsworth,104-758-6217,88642 Utah Hill
CE,48-981-6227,Merna Boast,438-115-5482,7 Vidon Crossing
CC,41-888-0306,Nicola Imms,571-315-7286,1 Kenwood Lane
CC,68-905-9261,Maurie Attwool,445-753-2068,69 Dunning Pass
CE,14-036-1844,Thain Julien,868-337-8818,99825 Brown Junction
CE,36-948-4774,Rafael Burtwell,369-864-8724,793 Debs Drive
CC,05-201-7859,Editha Holcroft,617-197-2672,4266 Kropf Lane
CC,98-616-4821,Orsa Munford,656-907-8171,5 Bonner Point
CE,07-235-7357,Felice Wallbridge,103-663-2936,20 Daystar Drive
CE,38-303-3383,Rae Maudsley,796-288-6805,969 Corben Drive
PP,04-586-6892,Consuelo Taysbil,592-254-0314,1 Graceland Road
PP,26-399-4317,Walt MacWhirter,586-312-0743,2134 Manley Trail
CC,85-436-9609,Cindi Nickels,408-601-2149,623 Dexter Parkway
PP,76-115-7323,Cherri Macknish,936-942-9940,42742 Anthes Trail
TI,37-725-0127,Rosaleen Eden,185-260-6235,34238 Elka Circle
CE,06-489-6539,Pace Neeves,746-163-5546,71 Vidon Street
PP,40-450-7716,Margaretta Arnli,221-943-9222,33 Reindahl Parkway
CE,45-004-0046,Sidoney Jaime,669-910-5580,0579 Del Sol Drive
TI,45-534-8981,Illa Wakenshaw,650-243-0987,185 Kipling Junction
TI,79-222-4371,Ugo Ricciardello,919-726-9647,083 Sauthoff Alley
CE,10-424-5256,Anna Cash,682-572-3601,509 Stuart Street
TI,13-104-1235,Sutherland Izzat,240-312-3271,4 David Point
PP,23-380-2812,Garret Sauvain,745-866-3576,2492 Ridgeway Avenue
CC,95-602-3568,Garey Guidoni,928-657-2808,91797 Brentwood Road
TI,44-867-5301,Eleanora Pohlke,274-461-0590,40 Birchwood Avenue
CC,61-829-3648,Paulo Josovich,306-791-9393,0292 Knutson Hill
CE,28-378-8998,Kikelia Purple,760-221-9229,0570 American Place
CC,97-142-1885,Sawyer Jakobsson,885-714-1829,55330 Kinsman Center
CC,38-334-7896,Nester Realph,849-398-0206,8 Mesta Center
CE,80-422-4587,Missie Pawlick,468-291-7971,0 Bluestem Alley
PP,72-478-5646,Olia Ducaen,123-334-5219,01214 Meadow Ridge Place
CC,75-166-1845,Vivyan Caldaro,256-295-4217,47587 Manufacturers Lane
CC,17-815-7513,Dorise Studde,452-534-8436,029 John Wall Drive
CE,06-840-2813,Cooper Barde,622-208-2485,8224 Chive Way
PP,33-987-4075,Welch Watchorn,329-801-6387,58 Barnett Hill
CC,90-160-1299,Harp Bridat,169-578-2480,19 Amoth Circle
CE,61-222-4873,Renata Wakeling,663-330-9373,3766 Anhalt Road
TI,79-744-8002,Kristoforo Szanto,822-975-6974,7310 Kennedy Court
PP,04-415-1602,Zondra Sarson,490-372-6087,8 Goodland Way
CC,75-148-1227,Shayna Ollett,328-160-4247,7 Cardinal Court
CE,85-719-0183,Alejandra Prantoni,886-712-1177,67 Sage Trail
TI,10-411-0298,Kylila Choak,476-327-4678,58 Artisan Junction
TI,00-699-6548,Carlyn Poulton,349-531-1928,45765 Mendota Parkway
CE,87-698-4023,Cherrita Grzelak,560-791-8544,13 Stone Corner Crossing
CE,84-870-7690,Lenora La Rosa,496-470-9227,38 Independence Plaza
CE,90-594-1607,Giffard Foan,852-899-3089,05280 Mockingbird Point
TI,72-833-8766,Chane Jaume,335-584-7629,9927 East Road
CE,57-012-0606,Jarad Diggle,592-163-8458,03 Fordem Center
CE,48-915-1221,Berti Kerfut,763-508-5276,6388 Ramsey Terrace
TI,92-716-3145,Kane Deverson,405-258-3252,4205 Helena Place
TI,90-026-4513,Terrel Ricci,392-794-2606,56 Farragut Center
PP,77-844-1841,Josias Haggarty,432-170-3510,9 Hoepker Way
PP,60-831-1543,Kasper Ibell,482-103-0749,932 Homewood Circle
PP,13-870-3964,Courtney Aharoni,379-619-4860,42980 Charing Cross Parkway
PP,86-137-7824,Shirley Easterbrook,805-500-3725,756 South Junction
PP,50-790-7039,Barr Lamprey,189-348-9945,00448 Karstens Point
TI,75-042-4950,Thibaud Ygoe,666-999-2813,9 Vidon Plaza
PP,16-525-4116,Petunia Grishmanov,333-823-2928,791 Westport Plaza
CE,08-777-2195,Lonnie Leahy,301-224-4149,863 Grayhawk Parkway
CC,17-980-9002,Jeana Goggin,526-994-2492,873 Stuart Hill
PP,35-271-9109,Orrin Esbrook,820-766-6678,272 La Follette Pass
CE,67-770-6579,Sara Dowglass,368-251-7892,15193 Gateway Circle
CE,50-071-6964,Monica Room,743-898-0572,1107 Katie Way
CC,98-061-6166,Graham Cormode,613-519-6680,6 Toban Hill
CE,26-251-3870,Juliann Angrock,951-568-6687,98 Lakewood Junction
TI,52-309-8596,Jami Christmas,301-791-3018,05 Merrick Avenue
PP,78-008-9919,Kincaid Smorfit,228-480-1114,201 Charing Cross Terrace
TI,94-975-4009,Lulu Gotts,377-198-7543,1 Quincy Trail
PP,00-456-2894,Siegfried Klesel,825-708-6643,6694 Monterey Alley
CE,23-147-8756,Jarvis Dunwoody,218-783-0962,1 Barby Junction
CE,32-468-1155,Manon Impson,404-528-5745,0 Ronald Regan Drive
PP,63-235-2472,Keven Ferrolli,458-898-5500,5 Sachs Crossing
TI,78-542-0746,Sylas Pluck,962-110-1440,31 Stoughton Parkway
PP,91-866-2136,Garrick Rochford,706-477-0657,08 Shopko Park
CE,74-121-1883,Fergus Pechan,728-441-9083,58 Acker Road
TI,06-561-4313,Sancho Maleck,823-644-9528,675 Blaine Road
CE,82-926-3118,Irvin Spurryer,396-272-0266,4 Jenifer Lane
PP,46-732-2605,Justin Shillabeare,515-452-3608,82507 Farmco Alley
CE,86-185-8654,Ruthie Sarsfield,305-952-3353,37955 Rusk Way
TI,42-002-3565,Aubrie Raulston,574-507-8740,28554 Northridge Road
PP,33-399-3225,Tannie Rainsdon,746-596-6206,90491 Blackbird Lane
PP,05-027-2601,Free Caunter,186-536-0142,074 Vera Parkway
PP,20-606-0450,Janessa Pilsbury,556-145-3406,2191 Johnson Point
TI,20-502-0533,Aridatha Jeschner,312-366-6624,3635 Hoffman Way
PP,12-265-4190,Moreen Annes,103-886-7434,97 Merrick Hill
CC,85-667-2339,Israel Van der Brugge,950-318-5928,7 South Center
TI,65-468-7981,Humfried Cast,643-922-9008,207 Talisman Way
CC,17-737-1037,Rebekkah Ryott,965-135-8450,2 Mcguire Circle
TI,31-137-5596,Aldin Heinritz,895-548-5140,3 Stang Drive
CE,69-308-5528,Ettore Glasheen,114-231-1984,08819 Longview Point
PP,96-743-0861,Lyndy Elkins,515-227-6245,35955 8th Circle
CE,97-985-2629,Carolina Scroggs,858-688-9590,33 Delaware Trail
TI,32-198-4619,Douglass Bruniges,811-250-4209,6 Killdeer Court
PP,68-378-9861,Benjie Evennett,162-508-5140,65160 Rutledge Terrace
CC,04-219-0981,Ainsley Cartmill,539-918-2559,8897 Dwight Trail
CC,53-075-6816,Thalia O' Hern,641-494-4682,93102 Ryan Lane
CC,75-528-6769,Giavani Ilden,119-713-4640,72710 Armistice Terrace
PP,14-955-8996,Matteo Mingaye,612-110-3303,43927 Ronald Regan Pass
PP,34-377-8840,Zach Brisker,212-782-1227,640 Sutherland Circle
TI,02-997-2494,Aura Creasey,303-742-9579,584 Hintze Plaza
PP,09-837-3827,Dennet Jancey,871-976-8042,776 Little Fleur Trail
PP,85-432-9175,Rolland Manicomb,690-431-6558,64476 Butternut Road
CC,78-861-6077,Mikol Duding,937-343-8837,55723 Ridgeway Road
CE,35-654-3409,Glad Gillebert,939-839-0877,68001 Trailsway Point
CE,71-512-4873,Xerxes Ivory,690-250-6924,54403 Express Plaza
CC,00-137-7971,Gannie Chooter,164-246-9875,5530 Harbort Parkway
TI,34-802-0761,Liva Guilloneau,360-355-8783,22 Russell Road
TI,90-586-2252,Jozef Hawkslee,108-256-1239,89144 Rieder Drive
TI,71-197-5030,Dorotea Donaghy,103-448-7301,05128 Raven Plaza
CE,57-869-0645,Jon McDonnell,556-969-4502,91 Carioca Terrace
PP,90-787-1846,Rheba Camin,915-760-3547,448 Basil Plaza
TI,83-058-5515,Lotta Varnam,699-875-9378,74860 Fordem Court
CE,39-388-1490,Rhett Chalder,837-827-9961,918 Welch Avenue
CE,55-265-6693,Niel Coronas,657-404-5755,00 Thierer Trail
CC,48-907-8803,Eliza Conichie,553-838-6639,84919 Stone Corner Place
PP,42-573-7263,Etienne Thornley,370-680-0855,7 Hovde Drive
TI,21-689-2600,Rae Mewton,561-193-1041,6 Killdeer Hill
CC,20-475-4814,Alister Antonov,775-662-2533,52 Rieder Pass
PP,96-461-6737,Ashton Stollberg,889-894-5777,6277 Garrison Crossing
CE,84-196-3718,Morganica Mehew,218-285-0238,32 Roth Lane
PP,28-930-4370,Fletch Sheers,742-823-6663,06334 Crownhardt Pass
CE,83-817-4869,Syman Glazzard,723-373-5425,15 Mesta Parkway
CC,28-262-6140,Nat Wiltshear,560-984-7418,113 Mosinee Parkway
CC,39-728-5092,Zorine Ivanaev,816-485-6994,170 Arapahoe Road
PP,81-291-3785,Fredra Willman,497-285-2154,775 Myrtle Plaza
CE,98-418-4061,Natalie Churchward,157-670-7541,4 Straubel Park
TI,59-101-4235,Adeline Petrillo,890-731-5567,134 Arrowood Plaza
CE,94-029-2658,Margarita Sydney,855-365-0222,04 Blackbird Avenue
TI,28-057-5198,Rafael Linklater,292-433-1918,3 Farragut Point
CC,35-001-4857,Elspeth Machel,398-754-0096,73113 Forster Circle
TI,44-170-5966,Ailina Collecott,945-144-0556,12 Roth Junction
TI,18-959-4237,Dinny Ringrose,144-968-1635,1 Spenser Plaza
PP,35-082-1830,Vincents Warlock,304-135-2573,804 Heath Hill
CC,20-188-2688,Codi Wooles,294-677-4333,51051 Melby Pass
PP,01-023-3083,Issiah Sipson,997-597-3328,1 Autumn Leaf Parkway
CE,81-921-9155,Valida Tyrrell,757-925-1097,22266 Corben Street
PP,08-038-0618,Byran Childes,757-447-5429,3 East Road
PP,60-393-5094,Christoforo Burnsell,188-436-4399,30 Bunting Crossing
CC,73-161-8016,Welbie Gumly,201-535-7408,56466 Fuller Trail
PP,35-186-6431,Barde Lebrun,879-204-4932,832 Washington Street
PP,13-067-4750,Giorgio Cockrem,951-855-4539,963 Sachtjen Street
CE,91-249-4716,Salli Cammell,729-112-4402,77221 Anhalt Trail
CC,23-074-1218,Farlay Jencey,720-963-4110,81571 Melrose Park
TI,22-888-1740,Henri Stevani,901-289-5910,93 Annamark Parkway
PP,94-484-4989,Ephrem Tigwell,796-501-8648,6125 3rd Hill
TI,87-425-6926,Lexie Lassey,571-624-0105,706 Birchwood Terrace
CC,25-976-7946,Penelope Philippault,233-930-1982,8 Knutson Junction
PP,63-865-8543,Yankee Byles,320-151-6606,479 Brickson Park Court
CE,93-672-9573,Drake Keitch,810-577-1787,024 Atwood Center
TI,12-183-7598,Had Bromont,595-580-5977,2625 Moland Trail
PP,76-178-0867,Don Cinderey,810-846-9603,9692 Stephen Avenue
CC,85-865-2590,Liana Duffield,583-928-2238,0974 Granby Circle
CC,34-204-1508,Jesselyn Bindin,416-851-8446,67 Lillian Trail
PP,54-952-6849,Giffy Davidovitz,596-933-8461,59 Rigney Circle
CE,84-842-9895,Barb Dunbabin,537-337-2565,78 3rd Park
CC,93-339-7165,Mahmud Woodley,633-758-2222,79313 Clove Parkway
CE,10-707-6500,Artemas Charlotte,318-748-4017,9 Division Road
CC,52-993-2177,Archibold Aicheson,423-575-3686,352 Grover Circle
CC,46-869-7102,Edie Higgan,724-591-6575,102 Hallows Circle
CC,15-925-8141,Esma Hayesman,227-213-4725,017 Amoth Hill
CC,65-390-6460,Bertram Dunseath,685-813-7688,75 Loomis Trail
PP,76-497-1893,Carline Raymont,314-932-5398,445 West Circle
TI,04-792-0094,Dion Kindleside,949-479-2992,07 Amoth Terrace
TI,17-582-8771,Bern Stallebrass,676-759-8588,1 Colorado Point
CC,63-898-2498,Far Petken,610-333-7747,4 Chive Avenue
TI,74-095-2218,Shanon Brigg,984-214-3901,3 Lukken Point
CE,49-086-2235,Giuseppe Woodier,567-328-4221,0 Mesta Parkway
TI,00-749-3276,Gilbertine Storie,834-496-2217,4 Golden Leaf Avenue
CE,22-027-5454,Jobie Lafferty,489-937-8768,65 Superior Plaza
CE,44-530-4164,Matthias Rioch,980-342-4538,9993 8th Trail
TI,68-900-1060,Ermengarde Sponton,609-498-9248,14 Arrowood Park
TI,91-802-6921,Frasco Vernazza,447-117-8431,7394 American Ash Avenue
CE,09-893-3019,Davidde Papps,210-168-3472,713 Crest Line Alley
CC,48-528-6931,Audy Pardy,992-329-3160,47372 Clove Place
CE,34-996-3693,Gisella Antonioni,400-617-9728,6 Sundown Place
CE,00-121-3452,Randie Calbert,307-327-9975,0 Schurz Court
PP,85-468-1406,Sim Crann,101-223-0805,0819 Homewood Way
TI,65-687-6447,Anabella Tungay,659-806-0081,3452 Memorial Place
CE,04-590-3273,Saw Kobpa,648-899-8171,51 Warner Terrace
CE,64-595-6435,Drusie Sacchetti,725-491-9088,47612 Hagan Place
CC,63-890-5543,Dulciana Beininck,428-239-8330,0723 Waubesa Center
CC,23-183-4016,Egon Apthorpe,804-238-2841,86077 Dexter Center
PP,94-409-0045,Quint Warre,752-664-0039,1 Talisman Way
TI,48-525-0951,Cherilynn Nellis,640-225-7656,955 Heath Park
CC,32-331-1924,Brod Earthfield,638-903-8799,2292 Aberg Street
CE,97-582-6849,Nolly Yearsley,465-482-8338,0950 Utah Pass
TI,90-411-4587,Kim Lecount,423-650-2396,183 Oakridge Crossing
PP,51-041-8221,Lorin McSorley,391-666-4431,6 Bunker Hill Junction
CE,36-619-7102,Laurel Batterbee,466-442-3727,6040 Talisman Parkway
CE,58-811-9169,Devonne Caunter,341-929-2272,51 Buhler Drive
TI,92-941-9636,Leonore Smeeton,535-801-6195,58 Nobel Parkway
CC,76-850-0944,Shelby Tummasutti,189-457-2990,71243 Main Drive
TI,73-611-9633,Gabrielle Pickerin,789-287-4310,9559 Dorton Avenue
TI,90-805-2166,Tyler Lias,447-863-8592,570 Granby Court
CE,11-616-1277,Flin Clemonts,686-339-1258,76686 Corscot Place
CC,18-495-2928,Kristian Burrel,461-948-2321,8256 Pond Parkway
CC,38-987-6978,Jimmy Boughey,189-129-8090,8 Moose Road
CE,40-974-0381,Berna Moffat,353-747-9913,5 Mccormick Hill
TI,70-911-7164,Isidore Gockelen,941-903-7303,543 Rockefeller Court
CE,48-788-1870,Nicky Smaridge,412-692-5066,04 Troy Plaza
PP,32-811-6215,Cthrine Pettyfer,891-739-6994,973 Longview Drive
TI,86-738-1315,Urban Dulin,856-852-5259,10630 Clemons Hill
PP,84-526-3680,Ignatius Chaffen,364-986-9553,370 Superior Plaza
PP,94-218-3241,Inger Whyatt,466-289-8228,051 Blaine Pass
CC,18-556-1695,Seymour Byatt,617-854-6935,870 Old Shore Crossing
TI,62-408-6005,Vi Simion,368-467-0245,75 Moose Court
CE,84-321-1266,Neill Dewberry,564-862-7356,60 Bay Terrace
PP,46-830-3439,Alvinia Tomblett,447-601-0110,948 Vermont Place
CE,59-932-0209,Charline Swinyard,901-815-2957,08 Walton Center
PP,29-017-2727,Arly Dodshon,641-699-7151,97018 Beilfuss Place
CE,79-163-3079,Rickie Abbs,680-103-6549,199 Dakota Alley
TI,50-206-3166,Kial Vaugham,849-381-6814,94 Mesta Hill
CC,71-823-7975,Ab Czadla,162-969-9917,249 Division Pass
PP,49-938-9022,Hyacinthie Marciek,686-198-5634,5 Valley Edge Pass
PP,48-669-1698,Mackenzie Beckensall,208-291-7920,5359 Banding Court
CC,91-138-6275,Marysa Ramsier,422-419-1537,96 Thackeray Center
TI,53-681-8963,Myca McCoole,293-291-8626,331 Jackson Court
PP,72-216-0603,Elicia Tupie,801-458-6911,3 Sugar Hill
TI,01-109-0014,Dynah Camili,213-945-8416,597 Londonderry Circle
CC,14-411-1165,Vittoria Grimsditch,490-401-1157,66 Pawling Road
CC,74-400-9856,Bibby Dorr,322-174-7308,33584 Darwin Alley
PP,58-529-7394,Jarret Daelman,250-921-3834,5 Del Mar Point
CC,11-729-4592,Giavani Pietsma,952-284-8168,987 Kennedy Center
PP,64-922-9833,Aksel Syrett,654-865-6425,1 Brentwood Pass
CC,18-471-8106,Marcellus Redish,142-464-1213,561 Iowa Circle
TI,75-106-9061,Graehme Sang,771-576-4876,86 Lakewood Crossing
CC,34-805-5122,Lorna Sangwine,473-764-0146,7098 Erie Avenue
CE,19-861-8991,Vale Michin,625-635-1672,646 Burning Wood Way
CE,10-552-8117,Brendin Thoumasson,140-536-1029,12760 Waxwing Road
PP,58-254-6378,Roselle Tucknott,459-208-1200,75394 Bluejay Place
CE,58-571-4401,Morganica Rivett,633-940-6170,8910 Pepper Wood Point
CE,64-282-5558,Barn Itzkovwich,196-716-0980,3 Petterle Drive
CC,19-370-8425,Shayne Custard,541-641-2982,28 Oneill Road
PP,88-023-7579,Aleksandr Spur,365-889-3795,4 Walton Parkway
TI,22-268-1363,Ermanno Waterhous,244-899-1256,288 Swallow Lane
TI,13-032-6697,Nixie Charette,994-795-3007,86 Jay Place
TI,96-829-2572,Whittaker Pierse,878-537-7770,6 Northridge Street
PP,77-475-1110,Stuart Leyzell,263-739-7175,1935 Kedzie Park
TI,44-325-4107,Carmelita Staunton,367-509-4619,96683 Sunbrook Court
CE,47-728-6466,Tomasine Gookes,955-881-7671,58717 Randy Alley
PP,71-795-3906,Smitty Fogarty,229-726-6028,9 Golden Leaf Court
PP,17-566-1168,Lina Ramel,510-120-2266,25325 Spohn Trail
CE,13-724-5367,Timothea Conduit,250-107-2638,23 Merrick Lane
CC,38-906-5173,Catherina Beldam,402-106-2934,9 Burrows Plaza
CE,39-026-3358,Viviyan MacKnight,300-602-7894,7 3rd Center
TI,20-192-6436,Ambrosius Sher,309-785-8768,2882 Kropf Avenue
TI,40-473-7159,Pearla Saunt,119-412-3288,69057 Lakeland Terrace
PP,10-626-0571,Selia Exall,400-398-4694,55281 Thackeray Way
TI,08-201-2057,Emlynne Summerlad,542-755-8648,401 Hagan Alley
CE,13-812-4117,Huey Holleworth,860-945-6712,590 Blackbird Point
TI,12-719-8177,Adrien Teodoro,711-635-3488,1880 Scoville Avenue
CC,94-949-1733,Veronica Wilkowski,512-889-9055,0593 Pawling Hill
PP,68-064-8314,Rickey Phythean,417-281-3725,10798 Norway Maple Way
PP,21-769-5195,Beitris Richardt,997-619-3070,895 Sunbrook Hill
CE,26-292-8493,Ruthann Becraft,577-355-5271,657 8th Pass
TI,37-968-3934,Cathrin Churchley,924-766-8551,55770 Steensland Crossing
CE,06-868-2677,Cob Aloway,288-481-2377,0643 Merrick Avenue
TI,71-707-9660,Franciska Edlyn,449-252-3054,70796 Northland Circle
TI,62-971-4804,Julienne Tock,595-326-6667,56777 Bunker Hill Way
TI,29-921-8564,Cybill Chettle,955-581-5334,6 Anthes Parkway
PP,20-595-2917,Jerrome Witcherley,836-463-9335,7 Pine View Alley
CC,24-507-1020,Adelle Rubinov,477-528-8447,5 Holmberg Park
PP,86-108-0213,Darbee Mardling,254-588-1025,2 Mitchell Circle
CE,64-379-6136,Martin Nevett,572-211-2015,57 Meadow Ridge Parkway
TI,44-382-5807,Gunilla Vakhonin,826-694-6104,32991 Jackson Pass
CE,27-608-9122,Jasmina Dwyer,633-850-0218,6936 Packers Avenue
CE,61-633-0768,Ellery Rennenbach,343-691-0574,79 Hauk Circle
TI,42-369-8988,Donica Moston,692-441-8850,6546 Cascade Center
PP,22-091-8815,Arnie Whaley,295-385-0521,2222 Warrior Center
CE,05-076-4347,Brewer Dilnot,682-987-7415,81 Declaration Pass
TI,25-151-8584,Sonja Munby,375-725-1967,8 Graedel Street
CE,06-853-0313,Keane Philpin,974-229-7383,908 Valley Edge Road
CC,79-407-1486,Mort Rickard,224-477-2282,98875 Helena Pass
CC,65-087-8120,Lucho Challenger,524-959-0561,48705 Knutson Street
PP,22-367-6135,Ginni Felce,500-611-3852,27 Daystar Circle
PP,88-535-7621,Grissel Steane,405-646-6568,6290 Hauk Lane
TI,06-023-5540,Ransom Huncoot,516-331-2211,474 Warner Pass
CE,20-664-1904,Fabiano Fontes,685-196-0754,09740 Northland Circle
CE,31-690-0132,Ferd Duddan,183-284-4411,61 Bluestem Alley
CE,26-211-3751,Crista Iddy,393-924-9002,443 Cambridge Way
TI,89-658-5743,Walker Whiskerd,975-961-0966,77782 Lukken Alley
TI,12-303-1997,Cornie Surgeon,861-254-9915,4439 Manley Point
TI,53-669-6519,Sada Tuplin,671-677-1456,29767 Eliot Court
CC,43-421-6128,Ilise Mackley,216-152-3311,81 Homewood Place
