Code,Name,Description,Cost,Nit
66312-601,Longos - Lasagna Veg,Sobe - Orange Carrot,12637,06-712-5916
43406-0012,Cookie Dough - Peanut Butter,Cognac - Courvaisier,19951,26-404-1915
48951-1122,Fenngreek Seed,Chinese Foods - Chicken,27480,75-983-2506
48951-1028,Beef - Ox Tongue,Wine - Carmenere Casillero Del,47740,15-881-6751
24909-112,Flour - Bread,Ice Cream Bar - Rolo Cone,23434,52-721-4655
29149-001,Snails - Large Canned,Thermometer Digital,16476,85-482-4239
"55312-005,Beans - Fine,""Gin - Gilbeys London, Dry"",26035,74-509-7868"
43742-0360,Iced Tea Concentrate,Cheese - Wine,29569,47-456-0245
55390-113,Nantuket Peach Orange,Tomatillo,26412,95-862-6403
10202-479,Salt - Sea,Chicken - Bones,8222,81-532-8393
48417-726,Dikon,Cheese - Mascarpone,25940,48-229-4329
"49035-394,""Wine - Magnotta, White"",""Beef - Tongue, Fresh"",49671,33-032-0648"
52125-282,Gherkin - Sour,Bandage - Flexible Neon,20757,15-545-7015
0781-1497,Eggplant - Regular,Apple - Royal Gala,19962,70-162-7527
"41167-0935,Bread - Raisin Walnut Oval,""Cheese - Havarti, Salsa"",34232,32-907-5787"
50436-8900,Tomatoes - Hot House,Teriyaki Sauce,47093,84-176-6862
30142-196,Filo Dough,Sauce - Ranch Dressing,41959,59-652-0566
52125-395,Water - San Pellegrino,Cup Translucent 9 Oz,15068,19-978-6728
56062-590,Remy Red Berry Infusion,Potatoes - Mini Red,5205,80-410-1286
"52959-102,""Pesto - Primerba, Paste"",Bagelers - Cinn / Brown Sugar,39993,23-722-3425"
"52125-381,Bread - Onion Focaccia,""Salmon - Atlantic, Skin On"",28672,20-144-3616"
49288-0607,Apricots - Dried,Longos - Penne With Pesto,7326,75-318-0951
43742-0191,Sprouts - Baby Pea Tendrils,Tart - Raisin And Pecan,18731,79-471-7738
"57520-0609,Icecream - Dstk Cml And Fdg,""Artichokes - Knobless, White"",9806,75-933-7502"
60512-0050,Appetizer - Sausage Rolls,Pork - Kidney,30259,21-930-8724
54868-2414,V8 Splash Strawberry Kiwi,Cheese Cheddar Processed,23988,58-456-5866
59779-613,Wine - Barossa Valley Estate,Tea - Honey Green Tea,27806,33-302-2219
52125-394,Ham - Cooked,Wine - Piper Heidsieck Brut,31518,62-266-5387
0071-0157,Cheese - Victor Et Berthold,Kahlua,17380,08-521-7123
0132-0190,Jolt Cola,Tomato Paste,38768,28-893-2825
14783-103,Cranberries - Fresh,Shrimp - Tiger 21/25,9467,90-184-1364
0051-0022,Muffins - Assorted,Garbage Bags - Black,8531,63-369-2154
"12830-767,""Pepsi, 355 Ml"",""Turkey - Breast, Boneless Sk On"",46936,62-149-8019"
44567-722,Rappini - Andy Boy,Fork - Plastic,23669,75-793-8646
69082-400,Garbage Bag - Clear,Tequila Rose Cream Liquor,20268,26-354-2779
59900-116,Lid Tray - 16in Dome,Dried Peach,25612,29-489-0822
61722-022,Turkey - Ground. Lean,Soup - Base Broth Beef,22806,63-736-7061
"61786-025,Soup - Boston Clam Chowder,""Bag - Bread, White, Plain"",5609,32-792-7350"
"0179-0083,""Split Peas - Green, Dry"",Calaloo,8669,06-394-0182"
59450-200,Cheese - Grie Des Champ,Sprouts - Alfalfa,21878,48-162-9734
"0093-7350,""Salmon - Atlantic, No Skin"",""Chicken - Leg, Fresh"",15260,59-781-8281"
"54973-5224,""Yogurt - Blueberry, 175 Gr"",Corn Kernels - Frozen,10649,95-231-4106"
0173-0526,Table Cloth 62x120 White,Pork - Back Ribs,9640,15-506-9254
"52343-053,""Tortillas - Flour, 8"",""Trout - Hot Smkd, Dbl Fillet"",22081,72-617-9447"
48951-1146,Rice Paper,Wine - Puligny Montrachet A.,48876,14-030-6473
0228-3117,Wine - Shiraz South Eastern,Passion Fruit,15357,90-658-8595
10893-359,Curry Paste - Green Masala,Wine - Chianti Classica Docg,4022,68-556-4380
58411-157,Bagelers - Cinn / Brown,Cup - 8oz Coffee Perforated,47981,70-613-1777
"55289-313,Crackers - Graham,""Pasta - Rotini, Dry"",23476,30-266-7796"
51220-2001,Beef - Shank,Rambutan,10260,19-671-0474
24488-001,Soap - Pine Sol Floor Cleaner,Cocoa Powder - Natural,15679,12-834-4534
64205-928,Madeira,Lettuce - Lambs Mash,14307,35-003-8466
10812-364,Wine - Ruffino Chianti Classico,Raspberries - Frozen,29195,60-480-7086
64376-604,Cookie Chocolate Chip With,Wine - Casillero Del Diablo,28446,04-304-0539
68737-223,Cookies - Fortune,Water Chestnut - Canned,40611,89-213-9278
"52125-176,""Veal - Chops, Split, Frenched"",""Sauce - Black Current, Dry Mix"",39028,89-185-5877"
47682-184,Apricots Fresh,Wine - Black Tower Qr,35233,65-985-2438
15584-0101,Energy Drink - Redbull 355ml,Nantucket Pine Orangebanana,32902,81-398-3043
"59762-0030,Pepper - Chili Powder,""Salmon - Atlantic, Fresh, Whole"",4336,18-825-3947"
"0527-1341,Pastry - Butterscotch Baked,""Coffee - Beans, Whole"",39761,53-654-7701"
"50021-300,Extract Vanilla Pure,""Pasta - Lasagna Noodle, Frozen"",40478,42-651-8265"
0095-0087,Waffle Stix,Wine - Sogrape Mateus Rose,18501,14-566-1738
0093-7466,Wine - Muscadet Sur Lie,Sauce - Mint,6731,82-612-7881
"60193-200,""Beans - Black Bean, Dry"",Bar - Sweet And Salty Chocolate,40802,87-547-5130"
68400-700,Parsley Italian - Fresh,Noodles - Steamed Chow Mein,48313,34-253-8666
54569-2376,Oyster - In Shell,Rice - 7 Grain Blend,24721,64-636-1838
"65954-771,""Juice - Grapefruit, 341 Ml"",Chutney Sauce - Mango,8886,87-075-0752"
52810-701,Pepper - Green,Wine - Bouchard La Vignee Pinot,47429,96-135-4011
"98132-712,""Flour - Bran, Red"",Bouillion - Fish,29639,98-987-9251"
54575-193,Sugar Thermometer,Cheese - Cream Cheese,29939,24-163-2368
"37000-162,""Beans - Navy, Dry"",Sugar - White Packet,15122,23-285-0712"
"59779-363,Cheese - Fontina,""Carrots - Mini, Stem On"",36117,61-962-3020"
"48951-3154,Onions - Pearl,""Pork - Bacon, Double Smoked"",12638,19-199-3809"
68196-733,Papadam,Wine - Piper Heidsieck Brut,27723,34-606-9148
63323-733,Flavouring - Orange,Compound - Passion Fruit,9285,40-555-1509
"64980-161,Squid - Tubes / Tenticles 10/20,""Clams - Littleneck, Whole"",33979,71-324-4063"
55910-025,Wine - Magnotta - Cab Franc,Sugar Thermometer,4200,75-379-7454
"48878-3316,""Wine - White, Riesling, Semi - Dry"",Dc Hikiage Hira Huba,32518,14-778-0320"
55154-4731,The Pop Shoppe - Root Beer,Wine - Pinot Grigio Collavini,8062,23-641-2931
"0054-0220,""Rum - Spiced, Captain Morgan"",Garbage Bag - Clear,22596,07-223-0256"
55154-6990,Extract - Almond,Foam Cup 6 Oz,25111,45-761-2048
58411-163,Fruit Mix - Light,Taro Root,7865,23-792-1248
"41520-742,Arctic Char - Fillets,""Pasta - Fettuccine, Dry"",15801,41-172-2653"
15127-452,Butter Balls Salted,Jameson - Irish Whiskey,49372,95-219-0542
49967-359,Chicken - Leg / Back Attach,Tomato Paste,8644,16-406-7192
36987-3205,Pastry - Baked Cinnamon Stick,Lotus Root,32601,47-549-2521
"62742-4066,Paste - Black Olive,""Doilies - 8, Paper"",9229,67-812-5561"
41520-289,The Pop Shoppe - Grape,Bread - Rosemary Focaccia,27468,25-692-9086
14783-441,Water Chestnut - Canned,Sugar - Icing,43482,17-658-0550
"68180-181,""Pepper - Paprika, Spanish"",Wine - Toasted Head,49474,93-669-5401"
0093-3147,Wine - Shiraz Wolf Blass Premium,Initation Crab Meat,23073,63-074-6245
54868-2929,Soup - Campbellschix Stew,Cookie - Oatmeal,34163,24-163-6037
54569-4347,Rye Special Old,Sponge Cake Mix - Chocolate,8463,70-274-1562
31722-521,Coffee Decaf Colombian,Tart - Raisin And Pecan,31177,87-962-2499
67046-205,Pastry - Carrot Muffin - Mini,Tomato - Plum With Basil,23022,44-100-8462
63868-370,Chinese Foods - Chicken,Wine - Fino Tio Pepe Gonzalez,24965,34-510-7663
"63629-1485,""Chilli Paste, Ginger Garlic"",Creme De Menth - White,47679,17-301-6330"
50383-781,Versatainer Nc - 888,Cookie Dough - Chunky,24226,70-559-3530
55910-220,Beef - Striploin Aa,Veal - Bones,12880,97-879-6716
36987-1058,Mace Ground,Bread - Bistro Sour,26994,83-939-1539
54868-5109,Scrubbie - Scotchbrite Hand Pad,The Pop Shoppe - Lime Rickey,37933,94-248-4297
50111-787,Appetizer - Cheese Bites,Pineapple - Golden,8699,74-213-9524
50845-0089,Devonshire Cream,Tamarillo,23604,34-697-6342
41250-974,Beef Wellington,Spice - Pepper Portions,41188,04-249-3329
55910-720,Veal - Provimi Inside,Chinese Foods - Thick Noodles,6508,49-885-6705
60760-547,Scallops - Live In Shell,Nantuket Peach Orange,38621,21-733-2982
"49288-0594,""Soup - Campbells, Beef Barley"",Graham Cracker Mix,39448,99-667-3997"
"55154-2372,""Flour - Buckwheat, Dark"",Mustard - Seed,22458,76-838-5801"
53808-0746,Sage Ground Wiberg,Cocoa Powder - Natural,12771,82-745-7681
24478-210,Liqueur - Melon,Squash - Sunburst,38776,57-038-6077
37205-338,Table Cloth 53x69 White,Compound - Rum,4174,30-336-5314
54868-4449,Wine - Vidal Icewine Magnotta,Pepsi - 600ml,31162,68-706-9117
37205-020,Pie Box - Cello Window 2.5,Wine - Prem Select Charddonany,17074,75-820-7345
42681-9032,Bread - Raisin,Hipnotiq Liquor,40335,57-398-1521
"21695-739,""Pork - Sausage, Medium"",Oil - Safflower,20655,87-746-7490"
53346-1325,Bay Leaf Ground,Wine - Rhine Riesling Wolf Blass,32961,04-087-2162
11527-163,Wine - Pinot Noir Mondavi Coastal,Spice - Onion Powder Granulated,29400,14-031-6589
67457-593,Quail - Jumbo Boneless,Cardamon Ground,12211,28-767-0644
67457-583,Steel Wool,Wine - Lamancha Do Crianza,39167,06-449-1649
16590-835,Wine - Chateau Timberlay,Wine - Magnotta - Cab Sauv,42417,97-139-2964
24909-100,Wonton Wrappers,Versatainer Nc - 9388,9033,26-140-3087
35356-056,Apron,Capers - Pickled,35909,55-992-0104
30142-678,Beef - Tender Tips,Bread - Rye,33188,78-273-2919
59746-315,Milk - Chocolate 250 Ml,Wine - Vineland Estate Semi - Dry,37771,05-767-3130
52125-340,Honey - Liquid,Sausage - Chorizo,9233,69-765-7907
"30142-733,""Placemat - Scallop, White"",Buffalo - Short Rib Fresh,25569,14-344-7255"
0944-4211,Kiwano,Roe - White Fish,37934,27-788-3246
0378-0525,Beer - True North Lager,Iced Tea Concentrate,47167,24-984-5902
55648-433,Salad Dressing,Five Alive Citrus,8962,59-320-7421
49884-301,Onions - Cippolini,Cheese - Gorgonzola,42587,92-520-6935
49035-001,Mushroom - Porcini Frozen,Bread - Hot Dog Buns,26937,65-893-8849
10893-342,Wine - Cava Aria Estate Brut,Tea - Earl Grey,39569,69-694-5809
63629-3738,Wine - Alsace Riesling Reserve,Shrimp - Black Tiger 6 - 8,20257,12-704-6575
36987-2899,Macaroons - Two Bite Choc,Butter - Salted,14883,57-411-2509
"61979-001,""Sauce - Black Current, Dry Mix"",Ecolab - Balanced Fusion,35886,94-879-5643"
"0363-2092,Grouper - Fresh,""Lentils - Green, Dry"",21715,49-838-7254"
52544-497,Cheese - Blue,Chinese Lemon Pork,19598,37-246-3412
49035-401,Pastry - Cheese Baked Scones,Wine - Taylors Reserve,41407,06-650-7538
16252-506,Instant Coffee,Pears - Anjou,23177,35-473-3681
0591-2508,Salt - Kosher,Shrimp - Tiger 21/25,26854,41-713-2929
0115-1332,Napkin Colour,Blueberries,39310,28-056-6356
"59762-2001,Vodka - Smirnoff,""Pasta - Lasagna Noodle, Frozen"",18782,90-871-1042"
37000-094,Wine - Chablis J Moreau Et Fils,Cheese - St. Paulin,21713,34-546-1823
"0409-3378,""Oil - Truffle, Black"",Sea Urchin,39218,06-926-9905"
13537-514,Juice - Orange 1.89l,Food Colouring - Blue,10711,39-127-3375
13733-018,Bacardi Breezer - Tropical,Table Cloth 144x90 White,22821,97-883-6627
0944-8503,The Pop Shoppe - Grape,Beer - Fruli,35811,99-576-8590
68180-760,Lettuce - Baby Salad Greens,Anisette - Mcguiness,8890,85-431-9403
"54868-4087,Wine - Toasted Head,""Veal - Inside Round / Top, Lean"",43271,04-477-2650"
"10056-704,""Tart Shells - Savory, 2"",Wine - Two Oceans Sauvignon,19974,62-104-2917"
0641-6063,Vinegar - Tarragon,Flower - Daisies,40485,49-469-3291
10202-050,Browning Caramel Glace,Oil - Safflower,33113,84-938-0158
46672-228,Cup - 4oz Translucent,Hot Chocolate - Individual,45731,04-188-0146
64092-113,Sugar - Cubes,The Pop Shoppe - Lime Rickey,43377,50-170-4742
50181-0018,Bagel - Whole White Sesame,Ice Cream Bar - Rolo Cone,17343,12-071-0970
36987-2618,Steampan - Half Size Shallow,Beef - Sushi Flat Iron Steak,49669,27-354-7623
55154-4938,Wine - Pinot Noir Pond Haddock,Pernod,38420,21-206-4777
"63214-102,""Soup - Campbells, Beef Barley"",Spice - Greek 1 Step,30323,94-925-2087"
35000-086,Vanilla Beans,Bread Fig And Almond,29277,15-144-8738
"33261-970,""Chestnuts - Whole,canned"",Salmon Steak - Cohoe 6 Oz,26304,97-711-2026"
64543-105,Sausage - Liver,Pasta - Fusili Tri - Coloured,17976,98-821-4849
"63629-3343,""Brocolinni - Gaylan, Chinese"",Cookies - Englishbay Oatmeal,47829,13-360-1466"
"0052-0316,Plasticforkblack,""Cookies - Oreo, 4 Pack"",48645,50-548-8795"
"12634-809,""Vermacelli - Sprinkles, Assorted"",""Beef - Tongue, Fresh"",32262,57-649-2498"
31722-251,Wanton Wrap,Pepper - Orange,45139,28-081-4319
62670-4799,Cake - Pancake,Seedlings - Clamshell,26726,36-087-3992
49035-516,Lid Coffeecup 12oz D9542b,Numi - Assorted Teas,25635,37-519-0795
13811-664,Beer - Creemore,Bread - 10 Grain,3542,04-452-1916
64942-0034,Chips - Potato Jalapeno,Cleaner - Lime Away,30607,93-807-0655
45861-107,Oyster - In Shell,Vodka - Smirnoff,19334,20-342-4115
55670-468,Muffin Mix - Carrot,Wine - Spumante Bambino White,30808,48-372-6472
11399-005,Trueblue - Blueberry 12x473ml,Plasticknivesblack,40115,68-260-9001
36987-2785,Oil - Hazelnut,Compound - Strawberry,23524,12-741-6203
13734-132,Muskox - French Rack,Compound - Passion Fruit,32911,81-433-3835
60681-5601,Seaweed Green Sheets,Chives - Fresh,13833,30-391-6313
52125-549,Tobasco Sauce,Veal - Provimi Inside,7675,92-457-2475
"68462-221,Orange - Blood,""Marjoram - Dried, Rubbed"",14526,82-041-9711"
49349-442,Maintenance Removal Charge,Soup - Chicken And Wild Rice,11927,34-733-5135
42507-556,Appetizer - Asian Shrimp Roll,Jameson Irish Whiskey,29531,59-556-9491
"49349-804,""Stock - Veal, Brown"",""Pasta - Penne, Lisce, Dry"",22797,64-457-8880"
63936-8523,Bar Special K,Pate - Liver,26403,76-508-0851
10157-9877,Cookie - Oreo 100x2,Country Roll,44866,95-180-6600
43749-110,Cheese - Blue,Wine - Casillero Del Diablo,8630,15-629-8931
0065-0454,Cranberries - Frozen,Cookies - Englishbay Oatmeal,18151,75-379-7263
52959-800,Momiji Oroshi Chili Sauce,Breakfast Quesadillas,7885,79-083-0027
52257-1204,Crab Meat Claw Pasteurise,Gherkin - Sour,46922,01-083-0009
10742-8652,Cheese - Brie,Pasta - Ravioli,31455,24-684-7482
50436-6915,Buttons,Flour - Strong Pizza,37348,95-913-1599
21695-979,Coriander - Ground,Cheese - Mix,49222,19-969-3711
16590-346,Paper - Brown Paper Mini Cups,Sausage - Chorizo,38088,75-019-0909
"24477-312,Soup V8 Roasted Red Pepper,""Vinegar - Balsamic, White"",14130,23-309-6355"
"54868-1804,Pastry - Choclate Baked,""Cheese - Manchego, Spanish"",44705,99-674-5316"
63621-353,Wine - Spumante Bambino White,General Purpose Trigger,45835,89-792-8058
51393-6668,Pepper - Red Thai,Shiratamako - Rice Flour,23097,03-456-8733
55154-3488,Veal - Nuckle,Bok Choy - Baby,39785,72-982-3435
"68258-7153,Island Oasis - Lemonade,""Lobster - Tail, 3 - 4 Oz"",21016,41-077-5285"
10544-020,Tomatoes - Cherry,Dr. Pepper - 355ml,26706,09-413-9840
65342-2040,Tea - Herbal Orange Spice,Dip - Tapenade,20548,99-672-7683
64380-750,Tuna - Salad Premix,Apricots - Halves,47220,30-262-3733
"42926-120,Pate Pans Yellow,""Nut - Cashews, Whole, Raw"",26847,23-807-8382"
"0093-0819,Fennel,""Pasta - Penne, Lisce, Dry"",25316,01-370-8338"
"66993-465,""Wine - White, Chardonnay"",""Peas - Pigeon, Dry"",32108,70-256-4265"
43269-740,Kale - Red,Table Cloth 62x114 White,36692,81-638-2869
48951-4100,Sobe - Tropical Energy,Muffin Mix - Corn Harvest,32507,64-860-6778
49817-0072,Icecream - Dibs,Pasta - Fusili Tri - Coloured,15403,59-545-4302
67457-218,Rice - Basmati,Dr. Pepper - 355ml,21228,20-708-8122
"63629-3226,""Seedlings - Mix, Organic"",""Beer - Alexander Kieths, Pale Ale"",12769,74-312-8813"
76058-104,Bread - Wheat Baguette,Pastry - Apple Muffins - Mini,10142,73-649-0089
51393-6778,Sprouts - Brussel,Huck Towels White,15730,71-368-7804
"11673-180,Rice - Wild,""Soup - Campbells, Creamy"",4378,17-470-1426"
68788-9879,Gatorade - Cool Blue Raspberry,Celery,26700,48-089-7043
"53808-0656,Fondant - Icing,""Pork - Tenderloin, Fresh"",34428,72-714-2374"
0069-9141,Cafe Royale,Red Currant Jelly,39071,89-487-0265
"41163-157,""Wine - Red, Antinori Santa"",Radish - Pickled,41077,91-042-7835"
60681-2902,Chocolate - Semi Sweet,Wine - Alsace Riesling Reserve,37084,55-437-3921
59800-0974,Bagel - Sesame Seed Presliced,Coffee - Almond Amaretto,23748,79-596-3626
51523-034,Grapes - Green,Peas Snow,5037,22-292-1724
55154-4853,Calypso - Lemonade,Bread - 10 Grain Parisian,24793,03-347-5549
"68382-341,""Juice - Apple, 1.36l"",Soup - Base Broth Chix,45480,74-010-9727"
"61570-024,Sauce - Oyster,""Soup - Cream Of Broccoli, Dry"",24429,60-878-1510"
"43406-0010,""Apple - Delicious, Red"",Parsley - Fresh,30622,80-467-2829"
"16590-408,""Veal - Inside, Choice"",""Croissant, Raw - Mini"",42640,46-219-2814"
"21695-075,""Vodka - Hot, Lnferno"",Carbonated Water - White Grape,11592,15-935-1256"
68196-144,Juice - Mango,Dikon,47524,26-235-7286
"67046-520,""Star Anise, Whole"",""Mushroom - Trumpet, Dry"",12220,96-351-0387"
"63481-183,Bread - Malt,""Shrimp - Baby, Cold Water"",4875,92-966-3640"
"58118-1962,Veal - Provimi Inside,""Nut - Almond, Blanched, Sliced"",17776,34-463-8699"
52125-365,Lettuce Romaine Chopped,Wine - Fat Bastard Merlot,7160,66-053-0465
"67938-1408,""Pork - Loin, Center Cut"",Tamarind Paste,28624,59-649-9446"
"63323-180,Wine - Pinot Grigio Collavini,""Pasta - Elbows, Macaroni, Dry"",3083,96-470-0422"
"42254-095,Food Colouring - Orange,""Pepper - Red, Finger Hot"",23508,83-508-3167"
53808-0604,Ecolab - Hand Soap Form Antibac,Appetizer - Sausage Rolls,39966,54-482-6335
42549-643,Bok Choy - Baby,Lid Coffee Cup 8oz Blk,20511,36-828-8811
"47335-083,""Asparagus - White, Canned"",""Chilli Paste, Ginger Garlic"",30089,48-356-7738"
"52125-599,Gingerale - Diet - Schweppes,""Beets - Candy Cane, Organic"",49617,83-351-8473"
55319-470,Mushroom - White Button,Rice - Basmati,4601,26-240-2329
10014-006,Wine - Casillero Deldiablo,White Fish - Filets,25976,39-722-8926
"63044-633,""Water, Tap"",Table Cloth 54x72 White,5582,26-691-3393"
"0597-0190,""Pork - Back, Short Cut, Boneless"",""Wine - White, Chardonnay"",43973,50-860-2846"
63874-326,Mushroom - Lg - Cello,Wine - Cava Aria Estate Brut,17135,07-504-0954
"11822-3865,""Liqueur Banana, Ramazzotti"",Appetiser - Bought,38827,40-026-7125"
63824-041,Beets - Pickled,Sherbet - Raspberry,38680,81-255-9177
51389-200,Fennel,Aspic - Light,31663,08-558-4839
"54868-5741,""Pasta - Fusili, Dry"",Oven Mitts 17 Inch,19795,03-451-1122"
49884-123,Veal - Nuckle,Pepper - Cayenne,33960,25-546-3134
49609-102,Table Cloth 62x114 Colour,Ginsing - Fresh,38404,68-865-7204
30142-912,Beer - Maudite,Turkey - Oven Roast Breast,47897,74-591-0698
"55301-180,""Bread - Bagels, Plain"",Muffin - Blueberry Individual,26046,24-255-4560"
"67046-532,Versatainer Nc - 9388,""Soup - Campbells, Lentil"",16980,49-572-8294"
"54868-5835,""Beer - Alexander Kieths, Pale Ale"",Chef Hat 25cm,47156,08-167-1382"
"52125-579,""Beef - Ox Tail, Frozen"",Straws - Cocktale,4086,79-162-9722"
58160-812,Apricots - Halves,Pork - Smoked Back Bacon,41040,45-349-1565
"0268-0944,""Beef - Chuck, Boneless"",Cinnamon Buns Sticky,17195,13-550-1658"
"36987-2131,Shark - Loin,""Doilies - 12, Paper"",22286,16-648-8552"
59623-008,Thermometer Digital,Berry Brulee,37721,41-154-6523
"69243-0710,""Pail - 4l White, With Handle"",Container Clear 8 Oz,29195,99-828-5761"
36987-2515,Muffin - Mix - Bran And Maple 15l,Wine - German Riesling,28574,35-047-8760
32909-121,Shopper Bag - S - 4,Pate - Cognac,25411,38-437-4421
"68151-4718,""Yogurt - Peach, 175 Gr"",Chinese Foods - Thick Noodles,25941,09-949-4552"
49288-0128,Wine - Rhine Riesling Wolf Blass,Wine - Rosso Del Veronese Igt,13588,63-963-6526
59092-001,Compound - Raspberry,Gherkin,5108,88-330-2057
41250-706,Cheese - Mix,Soup - Campbells,35905,79-427-1067
60432-133,Cabbage - Red,Coffee Swiss Choc Almond,34839,06-514-4142
0173-0344,Apricots Fresh,Pickerel - Fillets,35401,14-087-6481
"43857-0326,Wine - White Cab Sauv.on,""Bag - Bread, White, Plain"",35226,19-402-7956"
"63629-5147,Wanton Wrap,""Pepper - Chipotle, Canned"",3626,77-120-0768"
33261-534,Mince Meat - Filling,Soup - Boston Clam Chowder,28714,09-188-0601
65293-414,Butter - Salted,Sprouts - Pea,45718,53-222-5151
0904-5860,Energy Drink - Franks Original,Teriyaki Sauce,36214,78-288-0851
"55154-1489,""Soup - Campbells, Minestrone"",Broom And Brush Rack Black,18046,01-411-2713"
37205-851,Thermometer Digital,Cheese - Provolone,26062,31-528-7838
55910-548,Cabbage - Green,Sherbet - Raspberry,41603,17-371-9110
"51138-588,""Sauce - Bernaise, Mix"",Wine - Periguita Fonseca,30532,30-506-8638"
55154-0353,Pork - Ground,Sour Puss Sour Apple,5020,13-890-8615
"60681-1701,Scallops - 10/20,""Pepper - Chipotle, Canned"",24924,57-073-8471"
51561-001,The Pop Shoppe - Cream Soda,Salmon - Sockeye Raw,37295,81-676-3641
51447-1256,Turnip - White,Table Cloth 54x72 Colour,13185,13-445-5495
"57344-131,""Beef - Rib Roast, Capless"",Energy Drink - Franks Original,11853,93-624-0541"
51346-165,Table Cloth 81x81 White,Toothpick Frilled,29538,11-907-2885
49288-0264,Lobster - Tail 6 Oz,The Pop Shoppe - Root Beer,49112,81-095-0120
47781-341,Wine - Casillero Del Diablo,Sauce - Sesame Thai Dressing,38920,01-111-2297
"13537-322,""Pail - 15l White, With Handle"",Muffin Chocolate Individual Wrap,31728,61-012-4233"
"64725-0302,""Oregano - Dry, Rubbed"",""Chocolate - Milk, Callets"",6309,41-012-7145"
"0268-1279,Sambuca - Ramazzotti,""Octopus - Baby, Cleaned"",49405,84-765-1844"
52125-110,Beer - Paulaner Hefeweisse,Longos - Grilled Salmon With Bbq,43593,05-905-9722
66336-670,Longos - Grilled Veg Sandwiches,Olives - Kalamata,35586,76-353-8505
"31720-202,Cheese Cloth No 60,""Artichokes - Knobless, White"",49876,54-242-5293"
13537-196,Tomato Puree,Marzipan 50/50,38011,28-059-4445
"53808-0986,""Bread - Bagels, Plain"",Beer - Pilsner Urquell,20522,46-032-4865"
57520-0158,Tart - Butter Plain Squares,Sproutsmustard Cress,20981,46-797-6553
"55154-6997,""Pork - Tenderloin, Frozen"",""Fish - Soup Base, Bouillon"",32839,24-646-0210"
60760-413,Carbonated Water - Blackberry,Water - Aquafina Vitamin,28991,68-131-7818
"0065-1432,""Soup - Clam Chowder, Dry Mix"",Wine - Zinfandel Rosenblum,20206,29-524-5636"
"63868-758,Wine - Zinfandel Rosenblum,""Bread - Bagels, Mini"",37764,36-282-2752"
21695-410,Wine - Alsace Gewurztraminer,Towel - Roll White,39004,75-523-1495
"62011-0081,Jolt Cola - Red Eye,""Pork - Back, Short Cut, Boneless"",3508,29-030-5948"
76472-1167,Rhubarb,Squash - Guords,23971,81-334-6094
61919-176,Munchies Honey Sweet Trail Mix,Glycerine,49433,56-446-2178
0093-8940,Shrimp - Black Tiger 8 - 12,Yogurt - Assorted Pack,6210,93-705-2316
36800-602,Cheese - Asiago,Straw - Regular,17512,95-314-8722
54458-967,Milk - Chocolate 500ml,Capicola - Hot,31975,04-556-0388
49349-322,Juice - Apple Cider,Soup - Campbells,47060,38-368-6262
34666-101,Pate - Liver,Cabbage - Nappa,27678,05-825-5748
52125-639,Russian Prince,Yokaline,31395,41-936-6841
50964-070,Salt - Seasoned,Cinnamon - Ground,26285,52-125-3614
0187-1221,Yoplait - Strawbrasp Peac,Curry Powder,11660,72-759-4082
43419-398,Sausage - Chorizo,Grapes - Green,26960,37-970-0219
"36987-1159,Cookie Dough - Oatmeal Rasin,""Iced Tea - Lemon, 460 Ml"",13426,41-474-5053"
0440-7852,Beef - Sushi Flat Iron Steak,Bread - Italian Sesame Poly,9465,44-745-3410
46123-013,Veal - Loin,Sauce - Salsa,46870,59-227-4845
"64117-240,""Pasta - Penne Primavera, Single"",Coconut Milk - Unsweetened,40117,93-297-8835"
"24236-581,Wine - Cava Aria Estate Brut,""Pork - Chop, Frenched"",36827,56-373-2599"
54569-0124,Sardines,Tomato - Peeled Italian Canned,4067,87-232-6896
"37205-736,""Pepper - White, Whole"",Corn Syrup,28489,50-861-4888"
"33261-956,""Coconut - Shredded, Unsweet"",Red Cod Fillets - 225g,39377,87-263-0906"
16714-406,Chicken Giblets,Dome Lid Clear P92008h,36822,58-188-4786
13537-340,Chocolate - Mi - Amere Semi,Instant Coffee,48763,10-436-8329
"52054-512,Muffin Carrot - Individual,""Flour - Bran, Red"",29155,36-275-2277"
"23155-062,""Quail - Whole, Bone - In"",Mushroom - Morel Frozen,32252,51-836-3178"
0280-1180,Parsley - Fresh,Foil - 4oz Custard Cup,43103,63-406-5047
18860-121,Eel Fresh,Bacardi Mojito,33712,29-401-9946
"52584-196,""Tendrils - Baby Pea, Organic"",Wine - Vineland Estate Semi - Dry,34437,98-353-6278"
"63187-118,""Chicken - Base, Ultimate"",""Wine - White, Mosel Gold"",35559,95-070-8149"
"0179-0088,""Lobster - Baby, Boiled"",""Rum - Spiced, Captain Morgan"",23934,10-487-4889"
68001-133,Goldschalger,Lid - 16 Oz And 32 Oz,18219,07-794-5589
"0113-2141,""Bread - Multigrain, Loaf"",Cookies - Englishbay Wht,47549,34-037-2208"
0008-4117,Nantucket Pine Orangebanana,Dawn Professionl Pot And Pan,34381,10-763-5600
49738-198,Crackers Cheez It,Grenadillo,21784,79-261-0975
12634-616,Compound - Orange,Beets - Golden,26606,23-594-6278
"50114-2282,Soupfoamcont12oz 112con,""Lettuce - Romaine, Heart"",4238,93-210-4454"
55154-6293,Oil - Canola,Oyster - In Shell,11014,32-086-7541
"0519-1357,Table Cloth 90x90 Colour,""Tray - Foam, Square 4 - S"",33644,47-179-7516"
"0074-3368,Tea - Grapefruit Green Tea,""Rum - White, Gg White"",11728,97-504-6235"
54092-191,Cookie - Dough Variety,Carbonated Water - Blackcherry,23520,81-906-8215
0363-0281,Container Clear 8 Oz,Green Tea Refresher,15962,23-309-8514
28595-803,Beef Wellington,Juice - Prune,19003,79-999-5867
61010-8700,Pasta - Orecchiette,Venison - Racks Frenched,9371,00-408-2225
"61477-206,""Mushroom - Oyster, Fresh"",""Apple - Delicious, Golden"",15786,14-124-7402"
54868-1385,Wine - Valpolicella Masi,Pastry - Chocolate Chip Muffin,40062,38-597-4978
30142-203,Ice Cream - Vanilla,Lidsoupcont Rp12dn,14811,23-218-7865
0555-0834,Contreau,Puree - Blackcurrant,10477,24-387-5637
"0093-1087,""Pork - Loin, Center Cut"",Salt And Pepper Mix - Black,23265,94-042-7651"
21130-373,Ice Cream - Life Savers,Coffee - Hazelnut Cream,16321,43-231-9210
50563-101,Broom - Angled,Onions - White,3034,80-781-2352
"0409-7906,Lamb - Shoulder,""Sauce - Bernaise, Mix"",10938,28-390-5176"
"55910-220,Bread - Frozen Basket Variety,""Halibut - Whole, Fresh"",29001,84-278-1288"
58238-230,Muffin Batt - Carrot Spice,Bread Base - Goodhearth,34874,09-479-9017
49738-288,Tea - Herbal - 6 Asst,Squash - Pepper,27828,34-658-4159
0363-0418,Pate - Cognac,Ice Cream Bar - Drumstick,29941,83-050-9451
57337-049,Raspberries - Frozen,Cabbage - Red,30166,27-984-7854
43269-746,Shopper Bag - S - 4,Wine - Trimbach Pinot Blanc,5244,45-960-9654
"62839-1084,""Lemonade - Mandarin, 591 Ml"",Dr. Pepper - 355ml,14714,77-684-7909"
"59779-216,""Wine - Red, Pelee Island Merlot"",""Soup - Campbells, Cream Of"",6788,82-952-7262"
36987-2680,Petite Baguette,Soup - Tomato Mush. Florentine,30010,13-913-9145
"0143-9724,""Pasta - Lasagne, Fresh"",Dawn Professionl Pot And Pan,12392,58-355-1590"
55910-033,Pork - Suckling Pig,Skirt - 29 Foot,42837,38-205-2209
"41190-359,Pasta - Angel Hair,""Tart Shells - Savory, 4"",14479,66-483-9873"
41163-214,Spinach - Packaged,Veal - Kidney,9686,01-614-3652
"62756-181,""Cheese - Manchego, Spanish"",""Pasta - Rotini, Colour, Dry"",8341,57-218-6400"
"52124-1000,""Juice - Tomato, 48 Oz"",""Jam - Raspberry,jar"",43923,21-307-8654"
"0025-1530,Nori Sea Weed - Gold Label,""Crab - Dungeness, Whole, live"",41376,32-570-2795"
"36987-1324,Nutmeg - Ground,""Roe - Lump Fish, Black"",43791,05-768-4644"
50183-112,Duck - Legs,Tomato Paste,14419,20-386-0594
"46994-335,""Beans - Kidney, Canned"",Pepper - Roasted Red,7326,14-845-9513"
0169-3696,Soup - Campbellschix Stew,Pie Filling - Pumpkin,11924,49-347-3536
"21695-906,Appetizer - Sausage Rolls,""Ranchero - Primerba, Paste"",7468,08-327-0456"
"59760-001,Potatoes - Peeled,""Beef - Ox Tail, Frozen"",11204,39-289-9128"
75862-006,Rolled Oats,Table Cloth 72x144 White,18381,78-872-0084
65162-316,Papayas,Plastic Wrap,4711,34-001-7827
"36800-679,Cup - Paper 10oz 92959,""Tortillas - Flour, 10"",41318,58-772-1426"
"10544-549,""Pepper - Black, Ground"",Watercress,12924,24-622-9889"
0904-5751,Scallops - 20/30,Petite Baguette,27392,42-549-9985
0781-5238,Juice - Prune,Beef - Top Sirloin - Aaa,36257,64-194-9217
43269-905,Flavouring - Rum,Tofu - Firm,35172,91-966-0654
64942-1246,Appetizer - Cheese Bites,Appetiser - Bought,46926,81-121-8412
0615-5584,Mussels - Cultivated,Juice - Prune,23459,94-413-0122
11822-0990,Chick Peas - Dried,Trueblue - Blueberry 12x473ml,23279,57-295-0617
0115-5212,Beef - Tenderloin,Durian Fruit,47550,01-212-7786
"53462-008,""Club Soda - Schweppes, 355 Ml"",Daikon Radish,3881,65-372-5688"
68788-0474,Steampan - Half Size Shallow,Tuna - Bluefin,5085,48-504-7729
"67253-940,Table Cloth 62x114 Colour,""Mushroom - Shitake, Dry"",42797,77-831-0196"
45264-005,Foam Tray S2,Urban Zen Drinks,12115,47-999-4318
0245-0708,Bread - Raisin Walnut Oval,Lobster - Cooked,41568,89-201-8170
59746-315,Beef - Flank Steak,Petite Baguette,4997,19-298-7720
68400-105,Wine - Piper Heidsieck Brut,Muffin - Mix - Bran And Maple 15l,13136,97-321-2121
47682-903,Spic And Span All Purpose,Shallots,19745,75-897-9894
"58118-0351,Pea - Snow,""Veal - Brisket, Provimi, Bone - In"",45622,15-537-7974"
54575-944,Grapes - Red,Spring Roll Veg Mini,33801,67-528-5981
59762-4321,Clams - Bay,Wine - Chenin Blanc K.w.v.,3796,41-685-4044
17714-133,Filter - Coffee,Mushroom Morel Fresh,27849,72-752-0697
"35356-747,""Leeks - Baby, White"",""Doilies - 8, Paper"",10275,65-235-8245"
68788-9957,Gatorade - Cool Blue Raspberry,Wine - Puligny Montrachet A.,29800,25-367-6988
50580-843,Bonito Flakes - Toku Katsuo,Beer - Labatt Blue,40466,45-344-9396
24794-221,Chutney Sauce - Mango,Figs,8472,46-622-5375
68151-0527,Carbonated Water - Raspberry,Oats Large Flake,37296,19-580-0781
0603-1880,Chips - Doritos,Fudge - Cream Fudge,33843,59-704-0243
52125-186,French Pastries,Chutney Sauce - Mango,26253,22-502-3707
48951-1164,Basil - Seedlings Cookstown,Jolt Cola - Electric Blue,41772,48-575-5076
47335-326,Plastic Arrow Stir Stick,Garbage Bags - Clear,40609,83-949-8128
35356-498,Cup Translucent 9 Oz,Jameson Irish Whiskey,28912,14-787-7106
63629-5237,Flower - Carnations,Puree - Passion Fruit,20466,17-269-5177
0536-0770,Pepper - Green,Veal - Heart,40892,60-768-9041
49349-405,Scrubbie - Scotchbrite Hand Pad,Soup - Campbells Bean Medley,9795,70-584-4867
"55038-001,""Leeks - Baby, White"",Scallops - Live In Shell,30105,13-245-0043"
67046-010,Chicken - Whole Roasting,Rhubarb,26914,33-225-0808
"56062-496,""Shrimp, Dried, Small / Lb"",Corn Kernels - Frozen,35012,45-276-1358"
45567-0060,Dry Ice,Flour - All Purpose,18363,56-534-3415
"64679-903,Monkfish - Fresh,""Mushrooms - Black, Dried"",47865,30-611-2254"
"11822-7001,""Shrimp - Baby, Warm Water"",""Beef - Bones, Cut - Up"",26562,27-477-0560"
"60505-0164,Cheese - Mozzarella,""Wine - Red, Gamay Noir"",7781,41-988-5713"
55045-1167,Turnip - Mini,Uniform Linen Charge,18334,13-214-9821
"57677-005,""Yogurt - Peach, 175 Gr"",Juice - Orangina,45352,41-851-0592"
59726-019,Puree - Mocha,Fudge - Chocolate Fudge,28342,56-038-3713
"11822-1880,Apple - Custard,""Spoon - Soup, Plastic"",34873,93-270-2759"
"37808-896,Jolt Cola - Electric Blue,""Mushroom - Trumpet, Dry"",26524,04-501-2714"
"64942-1204,Pepper Squash,""Cheese - Brie, Cups 125g"",13915,55-473-2474"
10122-321,Bread - Raisin Walnut Oval,Bread - Crusty Italian Poly,34495,64-840-7039
63354-210,Cheese - Taleggio D.o.p.,Island Oasis - Magarita Mix,7879,04-583-4706
60429-295,Pie Shell - 9,Spinach - Spinach Leaf,41581,59-559-2628
0179-0137,Beef - Rib Eye Aaa,Temperature Recording Station,18719,98-212-4204
55111-470,Wine - Balbach Riverside,Mussels - Frozen,28287,84-017-1656
54569-0126,Molasses - Fancy,Ham - Cooked,3606,71-419-3196
60505-3779,Tomatoes - Heirloom,Sesame Seed,16910,58-886-1187
68693-010,Wine - German Riesling,Soup Campbells - Tomato Bisque,11598,42-454-4456
60951-933,Flour - Strong Pizza,Turkey Leg With Drum And Thigh,34447,01-819-9185
63629-1823,V8 - Berry Blend,Beer - Paulaner Hefeweisse,45637,14-386-3290
50436-6050,V8 - Tropical Blend,Beer - Sleemans Cream Ale,40463,84-948-0976
"37808-424,""Shrimp - 21/25, Peel And Deviened"",Wine - Sauvignon Blanc Oyster,46927,27-841-4171"
"52125-610,""Tart Shells - Savory, 3"",Bread Crumbs - Panko,21358,51-448-9718"
51849-3574,Salmon Atl.whole 8 - 10 Lb,Wine - Ej Gallo Sierra Valley,10928,05-016-4482
42361-022,Wine - Shiraz Wolf Blass Premium,Bouillion - Fish,29610,57-215-6826
"60905-0030,Rice Wine - Aji Mirin,""Soup - Campbells, Spinach Crm"",5590,55-160-8891"
37000-561,Mudslide,Carbonated Water - Cherry,5916,46-934-5995
"61703-332,""Turnip - White, Organic"",Pickerel - Fillets,49460,29-024-6372"
57664-230,Garlic - Peeled,Island Oasis - Wildberry,20628,20-814-7324
54868-5833,Sugar - Invert,Carbonated Water - Blackcherry,8510,30-314-1593
66336-028,Shortbread - Cookie Crumbs,Chicken - Ground,42553,32-683-7084
21749-993,Oven Mitts 17 Inch,Cookie Trail Mix,35833,38-341-3204
"16590-595,""Onions - Dried, Chopped"",""Appetizer - Mini Egg Roll, Shrimp"",28069,05-331-7615"
"49283-512,Chips Potato Swt Chilli Sour,""Turkey - Breast, Bone - In"",32804,10-793-8345"
0074-1564,Sweet Pea Sprouts,Cloves - Whole,18397,84-829-4109
0173-0873,Beans - Soya Bean,Lamb Leg - Bone - In Nz,22220,06-117-6252
63187-066,Wine - Fino Tio Pepe Gonzalez,Chef Hat 20cm,47290,59-586-2134
54569-5758,Pepperoni Slices,Steampan - Foil,25301,83-160-2666
"35356-649,Bacardi Breezer - Tropical,""Bread - Roll, Whole Wheat"",19171,96-965-6713"
0093-2056,Soup - Campbells - Tomato,Rice - Brown,44670,10-712-8177
"65342-1378,Mussels - Frozen,""Lemonade - Kiwi, 591 Ml"",3582,18-053-1764"
"58593-601,""Sole - Dover, Whole, Fresh"",Wine - Chateauneuf Du Pape,15960,07-287-3172"
42002-504,The Pop Shoppe Pinapple,Steampan - Lid For Half Size,29151,75-538-8290
43269-778,Pepperoni Slices,Soup Campbells Beef With Veg,44080,99-324-1834
"59746-307,""Vodka - Lemon, Absolut"",Langers - Cranberry Cocktail,11757,27-160-4877"
41268-302,Wine - Clavet Saint Emilion,Bulgar,39019,47-175-0194
50458-309,Tomatoes,Venison - Denver Leg Boneless,21114,54-961-6868
37000-715,Appetiser - Bought,Rye Special Old,3778,64-995-5320
"56062-187,""Veal - Tenderloin, Untrimmed"",Sea Bass - Whole,33700,90-459-9022"
44781-190,Cumin - Whole,Bread - Malt,33969,50-350-0994
55154-5980,Beer - Camerons Auburn,Wine - Cotes Du Rhone,4652,05-221-1714
"68462-189,""Wine - Magnotta, Merlot Sr Vqa"",Seaweed Green Sheets,15828,32-914-1802"
"24338-852,""Soup - Knorr, French Onion"",Easy Off Oven Cleaner,16433,63-582-7359"
37205-302,Wine - Pinot Grigio Collavini,Quail Eggs - Canned,37691,79-217-6295
21839-111,Pastry - Cheese Baked Scones,Tamarillo,32614,93-940-1460
"0268-6676,""Pork - Chop, Frenched"",""Crush - Orange, 355ml"",29696,62-940-5756"
10631-103,Carrots - Mini Red Organic,Hand Towel,23890,41-941-4731
14783-332,Greens Mustard,Flower - Leather Leaf Fern,14243,53-126-3617
52376-035,Ocean Spray - Ruby Red,Corn Kernels - Frozen,11094,30-730-8696
54868-1625,Wine - Bouchard La Vignee Pinot,Skirt - 24 Foot,33757,87-535-7027
"49349-131,""Sparkling Wine - Rose, Freixenet"",""Oil - Olive, Extra Virgin"",10620,60-277-5943"
68196-809,Tea - Herbal - 6 Asst,Spice - Chili Powder Mexican,24855,41-278-2669
49288-0026,Ice Cream Bar - Oreo Sandwich,Rolled Oats,42333,59-702-6655
49288-0676,Soup - Campbells Chili Veg,Island Oasis - Pina Colada,36286,06-755-5458
"57955-4000,Wine - Guy Sage Touraine,""Water - Mineral, Carbonated"",46367,18-143-3303"
57664-377,Wine - Alsace Riesling Reserve,Sachet,14463,77-760-4434
10671-011,Duck - Legs,Bar - Granola Trail Mix Fruit Nut,14572,02-855-3713
43538-941,Salad Dressing,Cheese - Mascarpone,20368,19-609-9311
0069-0093,Flour - Semolina,Allspice - Jamaican,24599,70-402-7123
54575-230,English Muffin,Cookie - Oreo 100x2,28963,40-995-1149
"55289-944,""Sauce - Bernaise, Mix"",""Lentils - Green, Dry"",38407,00-885-9270"
36987-1331,Syrup - Chocolate,Pepper Squash,37796,64-219-9825
0378-4251,Longos - Lasagna Veg,Cheese - Taleggio D.o.p.,34491,54-915-3629
"0615-5559,""Wine - White, Schroder And Schyl"",Food Colouring - Blue,9845,61-344-4627"
54868-5715,Bread - Dark Rye,Tuna - Fresh,38532,07-509-3487
0378-2722,Pop Shoppe Cream Soda,Milk - Homo,45736,67-460-7554
0781-9302,External Supplier,Garbage Bag - Clear,29546,07-739-4626
"0024-0793,""Veal - Tenderloin, Untrimmed"",Ecolab Crystal Fusion,24259,87-923-0190"
54868-0601,Pork Loin Cutlets,Truffle Cups - Brown,14742,77-363-0595
60429-270,Truffle Cups - White Paper,Pepper - Cubanelle,43533,08-119-0114
"63653-1332,""Lobster - Baby, Boiled"",Flour - Whole Wheat,22589,83-401-5252"
0009-0022,Cheese - Perron Cheddar,Everfresh Products,27094,72-303-8251
"50017-026,Berry Brulee,""Soup - Canadian Pea, Dry Mix"",13888,82-522-4186"
55910-004,Goldschalger,Wine - Blue Nun Qualitatswein,12134,18-496-6407
"13733-012,""Nut - Walnut, Chopped"",""Wine - Mas Chicet Rose, Vintage"",8558,10-534-3390"
"49035-268,Goat - Leg,""Extract - Vanilla,artificial"",10651,86-212-7123"
"59779-843,""Jam - Blackberry, 20 Ml Jar"",Spinach - Spinach Leaf,44279,98-570-8928"
"59417-105,""Marsala - Sperone, Fine, D.o.c."",Cheese - Shred Cheddar / Mozza,39035,66-283-3586"
30142-932,Black Currants,Icecream Bar - Del Monte,40222,33-693-4328
61722-067,Food Colouring - Blue,Spice - Chili Powder Mexican,5149,12-197-2621
65162-664,Chicken Giblets,Pepper - Red Thai,12371,68-684-5264
49035-043,Tomatillo,Flavouring Vanilla Artificial,12786,49-392-8264
0071-0007,Cheese - Victor Et Berthold,Black Currants,21822,99-423-4119
16590-368,Smoked Paprika,Muffin - Carrot Individual Wrap,26658,30-505-1821
"15751-2286,""Coconut - Shredded, Unsweet"",Cheese - Parmigiano Reggiano,4862,75-778-9550"
11822-0595,Pancetta,Wine - Two Oceans Cabernet,42903,26-486-1220
"0615-5530,Ocean Spray - Kiwi Strawberry,""Cherries - Maraschino,jar"",12849,77-864-4950"
60505-0097,Pork - Smoked Back Bacon,Chicken - Whole Roasting,31298,97-505-6881
57237-002,Tray - 12in Rnd Blk,Rambutan,47646,21-739-7142
"64980-178,Muffin Orange Individual,""Syrup - Monin, Amaretta"",32739,11-858-5093"
49035-210,Kiwano,Sour Cream,26086,24-037-4786
75921-438,Beef - Striploin Aa,Cheese - Le Cru Du Clocher,43396,90-476-0532
63323-125,Caviar - Salmon,Cup Translucent 9 Oz,19259,21-081-1605
"52124-0007,Pizza Pizza Dough,""Chestnuts - Whole,canned"",34379,40-670-6642"
36987-1858,Soup Campbells - Tomato Bisque,Water - Perrier,38490,70-647-7693
68382-003,Strawberries,Remy Red Berry Infusion,13464,37-617-9878
30142-024,Beans - Fava Fresh,Liners - Baking Cups,7366,74-600-1912
59762-0703,Sage - Ground,Beef - Cow Feet Split,27156,32-715-0613
61509-106,Beef - Tenderloin,Thyme - Fresh,31880,71-764-2136
0069-0087,Thyme - Dried,Beef - Ground Medium,41582,72-907-8456
"0228-3092,Shortbread - Cookie Crumbs,""Oil - Truffle, Black"",43989,44-028-7953"
"0228-2588,""Asparagus - White, Fresh"",Pepperoni Slices,44440,56-296-6749"
"51672-1264,Bouq All Italian - Primerba,""Nut - Hazelnut, Whole"",33549,65-373-7123"
"36987-2471,Brandy - Bar,""Veal - Insides, Grains"",25732,45-445-8715"
24987-412,Soup - Base Broth Chix,Cheese - Brick With Pepper,33728,38-511-6364
49035-502,Veal - Knuckle,Sauce Tomato Pouch,31046,83-027-1964
53389-231,Compound - Rum,Wine - Sicilia Igt Nero Avola,45073,49-048-9271
68479-503,Flour - Strong Pizza,Container Clear 8 Oz,30304,20-542-1965
49349-496,Beef Wellington,Instant Coffee,5655,75-717-8931
"50114-0104,Tofu - Soft,""Cheese - Manchego, Spanish"",20663,80-254-0081"
0220-9063,Initation Crab Meat,Peas Snow,44623,79-572-8346
76485-1042,Mini - Vol Au Vents,Lotus Rootlets - Canned,47797,85-470-7066
36987-3211,Tomatoes - Hot House,Lobster - Canned Premium,40801,12-648-0922
"49349-738,""Soup - Beef, Base Mix"",Lotus Leaves,36090,12-093-0828"
61727-333,Milk - Buttermilk,Wine - Vouvray Cuvee Domaine,25906,26-163-8763
51561-001,Lamb - Sausage Casings,Marzipan 50/50,35024,24-023-2461
"21695-670,Appetizer - Asian Shrimp Roll,""Cake Circle, Paprus"",35282,65-428-5561"
24208-099,Cake - French Pear Tart,Garlic,31739,64-061-5900
52959-420,Foie Gras,Hipnotiq Liquor,38517,45-396-9529
76230-727,Salt And Pepper Mix - Black,Sugar - Palm,30549,70-785-6717
36987-2042,Chickensplit Half,Beer - Creemore,28729,12-326-4768
36987-1533,Beef - Eye Of Round,Lettuce Romaine Chopped,31456,78-248-9871
0409-7668,Pineapple - Golden,Bread - Mini Hamburger Bun,23209,41-781-3734
47593-431,Smirnoff Green Apple Twist,Beer - Muskoka Cream Ale,30115,83-533-5822
51460-1112,V8 Splash Strawberry Banana,Duck - Breast,17612,39-349-8317
"61727-308,Chicken Giblets,""Beef - Chuck, Boneless"",22014,18-276-1367"
49349-162,Tea - Black Currant,Dooleys Toffee,35465,11-342-1001
"59970-051,Crackers - Melba Toast,""Shrimp - Baby, Warm Water"",27161,38-468-5012"
"20276-157,Halibut - Steaks,""Rum - Dark, Bacardi, Black"",32860,92-566-5468"
10884-2228,Crawfish,Relish,45031,16-543-1674
41520-721,Cheese - Bocconcini,Pork - Sausage Casing,30525,25-401-4786
49288-0637,Wine - Chablis J Moreau Et Fils,Table Cloth 54x72 Colour,34932,19-830-8247
60429-787,Cleaner - Comet,Taro Root,38376,73-521-9096
53808-0892,Garbage Bags - Clear,Higashimaru Usukuchi Soy,44174,38-144-0706
55714-4400,Wine - Semi Dry Riesling Vineland,Evaporated Milk - Skim,25777,81-671-1116
54575-127,Salt - Celery,Thyme - Fresh,44504,51-049-7129
99207-172,Spice - Peppercorn Melange,Chinese Foods - Pepper Beef,25910,03-029-2562
52686-229,Soup Campbells Beef With Veg,Pop Shoppe Cream Soda,25765,52-597-7878
68382-110,Coffee - Decaffeinato Coffee,Garlic - Elephant,23848,48-007-9256
13537-535,Langers - Ruby Red Grapfruit,Chocolate - Mi - Amere Semi,18873,26-086-1696
67046-095,Bread - Italian Sesame Poly,Beef - Eye Of Round,30309,85-356-7271
49349-061,Syrup - Monin - Granny Smith,Food Colouring - Red,17963,48-592-7448
"54575-109,Quail - Jumbo Boneless,""Tuna - Canned, Flaked, Light"",38055,01-349-0577"
0555-0634,Wine - Chianti Classico Riserva,Cookie - Oatmeal,13600,98-972-6616
"33992-0213,""Mushroom - Enoki, Dry"",Flour - Teff,4144,91-378-2039"
99207-276,Tomato Puree,Carroway Seed,20708,04-986-6511
"43074-207,""Pork - Sausage, Medium"",Carroway Seed,20794,36-879-2211"
42507-837,Creme De Cacao Mcguines,Bread - Italian Roll With Herbs,10726,53-837-1341
67938-2015,Beef - Tenderloin,Flour Pastry Super Fine,27146,04-237-8962
59762-6721,Sugar Thermometer,Spring Roll Veg Mini,12600,30-880-7998
0093-8166,Oysters - Smoked,Sour Cream,47254,80-867-2793
43353-264,Extract - Almond,Plate Foam Laminated 9in Blk,24200,37-133-6536
"42681-0512,Wine - Rioja Campo Viejo,""Juice - Orange, Concentrate"",33385,98-515-3494"
49738-432,Squash - Acorn,Ham - Procutinni,39965,96-001-1464
0378-2121,English Muffin,Cheese - Cream Cheese,29692,27-329-3335
67777-219,Wine - Muscadet Sur Lie,Duck - Whole,34819,13-588-4450
44087-3344,Durian Fruit,Kirsch - Schloss,48876,63-964-4649
49035-210,Mahi Mahi,Sauce - Chili,16434,49-213-1674
54868-3390,Langers - Cranberry Cocktail,Cod - Fillets,29865,35-858-2218
11673-289,Wine - Magnotta - Bel Paese White,Apricots - Halves,41788,63-635-7594
63629-4641,Beef Tenderloin Aaa,Wiberg Super Cure,31832,80-902-3742
43913-407,Truffle Shells - White Chocolate,Bread - Italian Roll With Herbs,26048,28-692-1627
"53499-5149,Chocolate - Unsweetened,""Wine - White, Ej Gallo"",35665,82-078-4168"
51079-352,Trueblue - Blueberry Cranberry,Beef - Top Butt,44189,84-482-8746
"0781-2279,Plaintain,""Wine - Red, Marechal Foch"",47170,54-170-3983"
10191-1828,Ecolab Digiclean Mild Fm,Island Oasis - Strawberry,25177,51-010-9105
0093-1135,Cream - 18%,Beans - Fava Fresh,35617,82-256-0038
49527-027,Bread - Rosemary Focaccia,Madeira,16652,39-002-7597
55154-7468,Pepper - Red Thai,Cheese - Brick With Pepper,46969,08-284-0361
66579-0018,Venison - Ground,Bagel - 12 Grain Preslice,37381,86-985-9325
0068-0277,Cheese Cheddar Processed,Muffin Mix - Corn Harvest,5934,97-649-2713
21695-849,Pimento - Canned,Persimmons,14710,37-738-5781
"49580-0210,""Chicken - Diced, Cooked"",Pepsi - 600ml,27810,09-568-2704"
14783-447,Soup - Campbells Tomato Ravioli,Cookies - Assorted,26840,27-996-9334
0942-9201,Muffin Mix - Carrot,Scallops - U - 10,22521,59-919-5559
"29991-505,""Pasta - Orzo, Dry"",""Octopus - Baby, Cleaned"",40773,00-912-4084"
55292-303,Ice Cream - Life Savers,Nescafe - Frothy French Vanilla,28316,50-076-9184
56062-476,Soap - Mr.clean Floor Soap,Trueblue - Blueberry,28728,71-311-2608
"54868-6179,Banana - Green,""Seedlings - Mix, Organic"",29277,23-378-0279"
68016-300,Bay Leaf,Bagel - Whole White Sesame,45009,12-305-2319
0555-9025,Macaroons - Homestyle Two Bit,Spice - Pepper Portions,25511,77-464-7128
"66993-077,""Tea - Darjeeling, Azzura"",Coffee Caramel Biscotti,35021,14-269-9163"
62011-0118,Flower - Potmums,Whmis - Spray Bottle Trigger,18234,26-866-6073
"13668-031,Muffin Mix - Banana Nut,""Beef - Rib Roast, Cap On"",36873,98-708-3594"
59528-1988,Broom - Angled,Salmon Steak - Cohoe 8 Oz,40403,36-406-3777
49852-007,Juice - Cranberry 284ml,Wine - Casillero Del Diablo,11779,32-953-5853
69097-126,Smoked Paprika,Cocoa Feuilletine,7674,27-098-0532
67457-423,Basil - Thai,Lobster - Tail 6 Oz,3182,17-636-0785
43553-4134,Oil - Safflower,Potato - Sweet,26242,96-654-0960
53808-0259,Ezy Change Mophandle,Broom And Broom Rack White,25246,36-123-7364
"55319-338,Tandoori Curry Paste,""Veal - Shank, Pieces"",12971,31-206-7454"
54868-5565,Chips - Potato Jalapeno,Bread - Crusty Italian Poly,5570,44-300-0393
"0615-7620,Dawn Professionl Pot And Pan,""Juice - Clam, 46 Oz"",14121,09-495-9597"
"21221-002,""Capon - Breast, Wing On"",""Beef - Roasted, Cooked"",23493,27-961-7401"
0268-0863,Goat - Whole Cut,Sausage - Chorizo,12517,56-644-1280
49967-759,Cheese - Brick With Pepper,Wine - Vouvray Cuvee Domaine,23065,64-606-9137
43419-327,Appetizer - Asian Shrimp Roll,Cheese - Augre Des Champs,15677,37-121-1325
"65044-0779,""Brownies - Two Bite, Chocolate"",Banana - Leaves,5992,67-931-7009"
"59779-135,""Sauce - Apple, Unsweetened"",Pork - Backfat,7337,50-840-6566"
14783-272,Wine - Gato Negro Cabernet,Chips Potato Swt Chilli Sour,19006,55-223-6224
35356-777,Waffle Stix,Barramundi,8375,59-608-8797
59630-630,Cheese - Wine,Snapple - Mango Maddness,24958,57-440-6449
67777-400,Soup - Base Broth Chix,Wine - Fume Blanc Fetzer,38184,73-780-6161
0268-0895,Pepper - Chili Powder,Yoplait - Strawbrasp Peac,5793,04-849-0936
55154-7712,Basil - Pesto Sauce,Wine - Pinot Noir Mondavi Coastal,14998,35-012-3813
52125-881,Mousse - Mango,Onions - Vidalia,12805,97-764-4905
"59535-1101,""Sauce - Apple, Unsweetened"",""Rum - White, Gg White"",46426,04-830-5837"
44946-1041,Bread - Petit Baguette,Bay Leaf Fresh,40619,38-938-4962
48951-9144,Muffin Mix - Raisin Bran,Cookie - Dough Variety,11497,64-439-1433
43353-802,Sauerkraut,Nantuket Peach Orange,48872,68-848-9241
65841-602,Salmon - Sockeye Raw,Wine - Chardonnay Mondavi,18913,21-407-4177
57910-401,Cheese - Goat With Herbs,Strawberries - California,47409,28-070-9034
36987-2863,Halibut - Steaks,Watercress,37533,63-690-5208
52725-490,Muffin Batt - Ban Dream Zero,Horseradish Root,37519,14-483-3599
43734-001,Liquid Aminios Acid - Braggs,Wine - Marlbourough Sauv Blanc,17757,67-022-3416
54868-5242,Vinegar - Balsamic,Calypso - Lemonade,9230,04-596-7138
21130-152,Pur Value,Straws - Cocktale,27649,44-628-3275
"21695-602,""Vermouth - White, Cinzano"",Soup - Campbells Asian Noodle,30493,65-226-5097"
"0430-0540,Bread - Pain Au Liat X12,""Tomatoes - Plum, Canned"",21754,98-606-4952"
36987-1156,Sauce - Plum,Pickerel - Fillets,6407,91-738-0117
64942-1187,Muffin Mix - Carrot,Wine - Clavet Saint Emilion,20563,50-540-3520
"54458-903,Olives - Nicoise,""Pepper - Black, Crushed"",28644,33-057-2819"
"76379-100,Table Cloth 53x69 White,""C - Plus, Orange"",10063,56-090-3140"
55910-136,Ice Cream - Fudge Bars,Pork Salted Bellies,34432,07-508-4915
54575-190,Jack Daniels,Steampan - Lid For Half Size,23402,18-988-3364
"46017-020,""Mushroom - Morels, Dry"",Oil - Macadamia,35778,30-908-9895"
"49852-015,""Wine - White, Mosel Gold"",Sugar - White Packet,38765,51-823-7053"
0054-0283,Loquat,Mini - Vol Au Vents,25275,90-589-2229
"59262-347,Puree - Kiwi,""Tortillas - Flour, 8"",40893,39-752-4120"
49288-0028,Kahlua,Sterno - Chafing Dish Fuel,43406,92-974-3765
59970-172,Ham - Virginia,Wine - Casillero Deldiablo,49297,59-936-0493
"0338-0675,""Wine - Red, Harrow Estates, Cab"",""Yogurt - Strawberry, 175 Gr"",12023,23-405-7844"
68421-8300,Green Scrubbie Pad H.duty,Island Oasis - Magarita Mix,40430,42-280-9195
36987-2876,Vaccum Bag 10x13,Drambuie,7094,87-260-6320
"57344-133,""Pork - Tenderloin, Fresh"",""Bread - Pumpernickle, Rounds"",6930,95-744-7760"
"52686-295,Urban Zen Drinks,""Beef - Rouladin, Sliced"",38504,11-295-2420"
43063-200,Bread - Sour Batard,Tea - Herbal I Love Lemon,44953,80-761-8466
0409-4928,Beans - Yellow,Durian Fruit,19997,64-609-9887
"43419-546,Latex Rubber Gloves Size 9,""Syrup - Monin, Amaretta"",23679,80-710-0843"
54569-0650,Pork - Belly Fresh,Sugar - Fine,22035,24-728-2262
"52993-125,Pork - Kidney,""Red Snapper - Fresh, Whole"",36430,23-444-0373"
"52959-707,Flour - Teff,""Lamb - Shoulder, Boneless"",47063,88-375-1207"
68012-003,Beer - Upper Canada Light,External Supplier,5299,39-059-1614
49411-050,Bread Foccacia Whole,Fruit Mix - Light,13764,08-468-8776
"0093-4181,""Soup - Campbells, Spinach Crm"",Initation Crab Meat,36117,39-637-8327"
24236-389,Appetizer - Escargot Puff,Hand Towel,29968,46-068-2012
64169-002,Sprite - 355 Ml,Smoked Tongue,39604,48-763-7548
60760-142,Ocean Spray - Ruby Red,Flower - Carnations,23394,76-070-8017
"52083-289,Wine - Manischewitz Concord,""Chicken - Breast, 5 - 7 Oz"",3258,68-502-7120"
68516-3203,Longos - Lasagna Beef,Lentils - Green Le Puy,47241,06-028-5593
"60512-6026,Onions - Vidalia,""Jam - Raspberry,jar"",42924,92-775-6679"
57520-0138,Lid - 0090 Clear,Bacon Strip Precooked,29148,49-911-5910
"65862-225,""Lemonade - Mandarin, 591 Ml"",Table Cloth 144x90 White,44885,14-224-2983"
57520-0501,Squid - U 5,Savory,8038,44-411-7110
52584-633,Snapple - Mango Maddness,Heavy Duty Dust Pan,42100,28-863-9944
0268-6640,Vinegar - Rice,Haggis,18250,73-583-0461
65862-031,Wooden Mop Handle,Milk 2% 500 Ml,22962,36-533-2458
55910-018,Foil - Round Foil,Goat - Whole Cut,25470,47-220-8127
"0039-0019,""Asparagus - White, Canned"",Dawn Professionl Pot And Pan,30253,40-701-9966"
0781-5342,Baking Powder,Wine - German Riesling,8431,81-140-1303
67979-501,Cheese Cloth No 100,Chicken - Leg / Back Attach,3544,16-719-0912
"60505-2741,""Tuna - Canned, Flaked, Light"",Wine - Ruffino Chianti,3538,31-766-1702"
36800-597,Tuna - Salad Premix,Potatoes - Parissienne,7531,31-109-4942
64159-6972,Wine - Sake,Bread - Corn Muffaleta Onion,18822,25-989-3819
25021-803,Boogies,Wine - Pinot Noir Mondavi Coastal,39050,73-877-7516
29300-168,Carbonated Water - Strawberry,Bread Roll Foccacia,37378,51-875-8726
"36987-1440,Carbonated Water - Blackcherry,""Crush - Orange, 355ml"",18269,09-155-9187"
54868-4286,Pepper - Yellow Bell,Cabbage Roll,32657,43-234-1775
60846-804,Wine - Prosecco Valdobiaddene,Carbonated Water - Blackberry,9884,67-154-6004
68788-9901,Bread Base - Goodhearth,Bag - Regular Kraft 20 Lb,13785,52-777-2700
0093-6138,Duck - Whole,Beer - Sleemans Honey Brown,5677,44-201-0484
64578-0072,Wine - Saint Emilion Calvet,Raspberries - Fresh,42090,48-280-9343
54868-3923,Cheese - Marble,Wine - Alsace Gewurztraminer,5690,92-726-2839
"68151-2986,""Coffee - Colombian, Portioned"",Oil - Pumpkinseed,16376,80-331-5954"
"0093-0819,Lotus Leaves,""Pasta - Rotini, Colour, Dry"",32109,04-700-7969"
68428-139,Clam Nectar,Tandoori Curry Paste,45045,91-394-9871
37205-064,Sausage - Andouille,Lobster - Canned Premium,11853,03-002-9034
0615-7591,Ham - Virginia,Bar - Sweet And Salty Chocolate,26584,40-197-7790
0067-4345,Rosemary - Fresh,Chips Potato Salt Vinegar 43g,45988,99-442-3999
51400-001,Wine - Semi Dry Riesling Vineland,Magnotta Bel Paese Red,21082,37-582-0929
63824-184,Mini - Vol Au Vents,Rice - Brown,11649,73-951-2897
33992-3004,Monkfish - Fresh,Mix - Cappucino Cocktail,39923,54-484-1965
65044-5285,Shrimp - Tiger 21/25,Campari,31242,61-076-1834
68387-208,Syrup - Monin - Granny Smith,Wine - Baron De Rothschild,23427,29-097-0422
61442-232,Lettuce - Lambs Mash,Lychee,14465,49-823-8333
"42957-002,""Wine - Red, Harrow Estates, Cab"",Wine - Masi Valpolocell,33126,92-150-7237"
49884-745,Cheese - Brie Roitelet,Chinese Foods - Pepper Beef,38461,48-444-9595
55154-6126,Orange - Blood,Appetizer - Smoked Salmon / Dill,39802,54-964-0484
0031-8649,Lime Cordial - Roses,Bread - Malt,43789,40-186-4628
54868-4835,Beef Cheek Fresh,Wine - Delicato Merlot,8458,37-368-9586
53807-197,Cake Sheet Combo Party Pack,Soup - Campbells Mushroom,12178,53-583-0758
24385-368,Skirt - 29 Foot,Chickhen - Chicken Phyllo,35586,61-824-9077
41167-1002,Oyster - In Shell,Cake - Lemon Chiffon,32577,97-786-9277
37808-144,Tomatoes,Fiddlehead - Frozen,32441,50-947-2770
"55714-2291,""Nut - Pistachio, Shelled"",Apricots - Dried,42775,64-878-7404"
76485-1029,Soup - Campbells - Chicken Noodle,Pur Value,45995,61-315-1433
"0268-6671,Ecolab - Power Fusion,""Bread - Pumpernickle, Rounds"",31677,66-554-6288"
11822-0915,Spice - Greek 1 Step,Sausage - Meat,7581,37-632-0453
52125-308,Oil - Sesame,Pears - Bartlett,10763,66-512-1458
65862-046,Cheese - Asiago,Wine - Pinot Noir Pond Haddock,28251,27-169-1965
16590-990,Hold Up Tool Storage Rack,Mix - Cocktail Strawberry Daiquiri,31126,26-521-8149
"0555-0159,Muffin Hinge 117n,""Quail - Eggs, Fresh"",47095,59-137-8386"
"54868-5893,""Doilies - 5, Paper"",Cheese - Cambozola,47421,24-775-0680"
57451-5026,Lettuce - Lolla Rosa,Burger Veggie,13173,29-064-6106
"39822-0615,""Beans - Kidney, Canned"",""Pasta - Penne Primavera, Single"",13913,25-183-3561"
68788-9204,Corn Kernels - Frozen,Olives - Nicoise,13867,66-247-0784
0093-7438,Beer - True North Strong Ale,Calypso - Black Cherry Lemonade,27362,34-662-8614
0268-0932,Oil - Safflower,Quail - Jumbo,43363,21-668-3751
"0378-6074,""Juice - Grapefruit, 341 Ml"",Lamb - Shanks,6977,65-067-6061"
62072-456,Sterno - Chafing Dish Fuel,Black Currants,20579,49-074-5388
"60289-247,""Chocolate - Semi Sweet, Calets"",Cookies - Assorted,29706,58-123-3042"
55504-0050,Flour - Masa De Harina Mexican,Curry Powder,11575,93-287-7925
"36987-1593,""Pail - 15l White, With Handle"",Langers - Ruby Red Grapfruit,26559,64-442-0894"
43406-0049,Cheese - Cottage Cheese,Vaccum Bag - 14x20,6338,83-973-8033
65601-170,Coffee - Cafe Moreno,Mustard - Seed,21959,96-942-0375
0378-6141,Smirnoff Green Apple Twist,Pectin,24085,78-227-0835
"63936-8558,""Potatoes - Purple, Organic"",""Bread - Pita, Mini"",30863,07-440-9257"
0006-0335,Oven Mitt - 13 Inch,Sachet,48920,42-000-6636
67938-1154,Steampan - Foil,Crush - Cream Soda,17844,81-087-0786
"0555-1009,Steam Pan Full Lid,""Cup - 6oz, Foam"",33648,54-676-3392"
55133-050,Foil - Round Foil,Shiro Miso,37639,23-320-2910
"64942-1288,""Shrimp - 16/20, Peeled Deviened"",Sobe - Lizard Fuel,23928,87-000-4636"
36987-3271,Soap - Hand Soap,Milk - Homo,40529,34-192-8945
"21695-666,""Beef - Kindney, Whole"",Lemonade - Pineapple Passion,45637,83-327-9358"
"0078-0315,""Veal - Round, Eye Of"",Bowl 12 Oz - Showcase 92012,5062,55-733-4056"
52568-001,Bread - Dark Rye,Cheese - Pied De Vents,49000,93-138-3726
51672-4028,Bread - Wheat Baguette,Syrup - Kahlua Chocolate,21696,28-901-9325
47335-603,Apricots - Dried,Sauce Bbq Smokey,34272,08-227-1842
66391-0504,Table Cloth 54x72 Colour,Clams - Bay,45729,45-295-0087
49288-0461,Milk - Homo,Bread - Sour Batard,37135,12-987-4725
76237-215,Rice Paper,Hot Choc Vending,45107,06-081-2384
68462-114,Foil Cont Round,Wine - Baron De Rothschild,33312,15-232-2495
"0268-6105,""Soup - Campbells, Spinach Crm"",Appetizer - Assorted Box,11557,05-349-8649"
53808-0542,Ham - Proscuitto,Table Cloth 54x72 White,39821,87-649-6349
37000-145,Gelatine Powder,Juice - Ocean Spray Kiwi,29062,85-181-2036
54868-5899,Wine - Zinfandel Rosenblum,Wine - Casillero Deldiablo,27744,81-454-3291
55316-225,Icecream - Dstk Strw Chseck,Wine - Port Late Bottled Vintage,39807,33-553-2738
57520-0618,Chinese Foods - Thick Noodles,Oil - Safflower,14325,70-262-2499
65841-686,Ice Cream Bar - Hageen Daz To,Ham - Cooked Bayonne Tinned,30222,93-383-4161
0591-5307,Coffee Cup 16oz Foam,Water - Spring 1.5lit,40047,01-102-5390
55118-545,Chips - Miss Vickies,Pea - Snow,47913,72-895-1739
"43063-017,Smirnoff Green Apple Twist,""Cheese - Brie,danish"",9285,14-887-4896"
55289-708,Cheese - Brick With Pepper,Squash - Pepper,34181,08-830-9887
64376-648,Molasses - Fancy,Cheese - Colby,26341,44-194-6919
54868-5291,Bread - Rye,Cakes Assorted,35531,54-262-9197
"49614-146,""Pasta - Lasagna Noodle, Frozen"",Wine - Placido Pinot Grigo,42879,42-514-3558"
57237-005,Pastry - Apple Muffins - Mini,Table Cloth 54x54 Colour,35208,31-225-6711
"49288-0224,Muffin Mix - Lemon Cranberry,""Juice - Tomato, 10 Oz"",31752,73-117-6496"
52125-755,Chocolate - Feathers,Cheese Cheddar Processed,4470,53-172-8716
59762-4322,Flour - Cake,Bandage - Fexible 1x3,22479,23-660-7826
60505-0271,Sauce - Rosee,Barramundi,47956,31-535-2484
68084-749,Cabbage - Green,Lettuce - Lolla Rosa,35380,40-187-3451
18860-322,Milk - Homo,Tofu - Soft,4820,94-868-2039
"67781-252,Coffee - Egg Nog Capuccino,""Pasta - Elbows, Macaroni, Dry"",35394,02-119-1001"
16590-897,Paper Cocktail Umberlla 80 - 180,Cookie Dough - Chunky,3026,90-884-7742
55289-824,Beans - Yellow,Flour - Teff,44036,19-893-4854
"36987-2242,""Yogurt - Cherry, 175 Gr"",Lotus Rootlets - Canned,22339,77-540-7505"
"62839-1102,Lid Tray - 12in Dome,""Mushroom - Shitake, Dry"",9577,23-300-8740"
64980-137,Chevere Logs,Sprouts - Corn,41313,25-713-0610
58118-0813,Cookies - Englishbay Oatmeal,Ham - Cooked,24615,36-954-5064
"69100-2001,""Soup - Knorr, Country Bean"",Beer - Mcauslan Apricot,4880,95-631-5042"
"37000-328,Fiddlehead - Frozen,""Cheese - Romano, Grated"",7643,34-614-6791"
"61601-1123,Tea - Decaf Lipton,""Lamb - Whole, Fresh"",39221,34-066-4041"
"60429-566,Turkey - Ground. Lean,""Juice - Pineapple, 341 Ml"",7635,02-349-2597"
16590-284,Tofu - Firm,Flavouring Vanilla Artificial,14075,05-237-5873
"61748-400,""Nut - Pecan, Halves"",Wine - Lou Black Shiraz,37837,69-722-3755"
52125-336,Isomalt,Pate - Cognac,34587,83-022-0216
"59779-068,""Lobster - Tail, 3 - 4 Oz"",Jameson Irish Whiskey,29624,87-603-6521"
53746-191,Water - Tonic,Wine - Zinfandel Rosenblum,12618,19-981-4659
24208-280,Nantuket Peach Orange,Vinegar - Rice,39261,23-407-8907
54868-4474,Wine - Shiraz Wolf Blass Premium,Samosa - Veg,33531,75-244-8193
52125-532,Pastry - Choclate Baked,Dish Towel,8323,80-368-5371
57520-0419,Chicken - Ground,Chick Peas - Canned,29858,79-159-1123
62802-210,English Muffin,Pork - Inside,27258,75-379-2555
57691-120,Tea - Jasmin Green,Garlic Powder,5998,86-488-4058
"13630-0030,Longos - Grilled Chicken With,""Soup - Knorr, Country Bean"",5487,87-802-9673"
"52125-419,""Cake Circle, Paprus"",Dragon Fruit,7058,15-313-7100"
50844-235,Lid - 16 Oz And 32 Oz,True - Vue Containers,36453,38-699-3191
59779-304,Gooseberry,Energy Drink Red Bull,4590,44-445-4574
42406-007,Lobster - Live,Chicken - Whole Roasting,11827,82-466-3136
"49349-909,Mcgillicuddy Vanilla Schnap,""C - Plus, Orange"",18096,91-911-4327"
42507-282,Chocolate Bar - Reese Pieces,Kiwano,8192,90-314-1532
"64725-0604,""Basil - Primerba, Paste"",Magnotta - Bel Paese White,8401,50-256-7492"
11822-3950,Wine - Jaboulet Cotes Du Rhone,Beef - Striploin,49594,50-562-9238
65954-008,Chicken - Ground,Apples - Sliced / Wedge,42053,18-984-2438
52584-036,Shiratamako - Rice Flour,Tea - Jasmin Green,15971,17-117-7113
49283-006,Beer - Creemore,Compound - Orange,41667,79-578-3080
"53808-0825,""Gingerale - Schweppes, 355 Ml"",""Beans - Black Bean, Preserved"",11253,63-899-5006"
"51991-334,""Crab - Blue, Frozen"",Potatoes - Yukon Gold 5 Oz,13916,11-849-4612"
"68400-138,""Syrup - Golden, Lyles"",Energy - Boo - Koo,47117,05-095-5296"
50181-0012,Straw - Regular,Beans - Kidney White,24670,19-002-6555
"0904-6097,Hinge W Undercut,""Syrup - Monin, Irish Cream"",47310,01-346-1119"
"24385-975,Shortbread - Cookie Crumbs,""Bread - Rolls, Corn"",11040,08-747-3590"
"14783-102,Lobster - Cooked,""Wine - Red, Cabernet Sauvignon"",7371,18-950-5309"
43269-749,Yoghurt Tubes,Bar Bran Honey Nut,29920,11-554-0131
"0268-0031,Huck White Towels,""Apple - Delicious, Golden"",4290,84-791-7764"
"55714-4596,Mountain Dew,""Pasta - Lasagne, Fresh"",47286,73-190-8152"
62168-0086,Sausage - Meat,Mushrooms - Honey,22832,15-940-9782
11960-1201,Flour - Semolina,Wine - Carmenere Casillero Del,23528,11-887-5246
63667-224,Currants,Bandage - Fexible 1x3,21621,70-917-4937
"63323-273,""Lobster - Tail, 3 - 4 Oz"",""Pasta - Detalini, White, Fresh"",21146,54-413-7286"
30142-352,Tea - English Breakfast,Mangoes,46739,24-047-5859
0781-2617,Pancetta,Jolt Cola,4903,05-151-3983
54458-988,Muffin Mix - Carrot,Horseradish Root,36045,44-278-3247
0113-0469,Bay Leaf Ground,Bread - Italian Corn Meal Poly,35676,07-549-2603
15127-128,Dried Apple,Curry Powder Madras,37303,18-425-6756
"42507-178,Sorrel - Fresh,""Nestea - Ice Tea, Diet"",47991,52-689-6044"
"50403-999,Cloves - Ground,""Tabasco Sauce, 2 Oz"",27060,47-058-4069"
49199-100,Cheese - Brie Roitelet,Glass Clear 7 Oz Xl,10984,41-834-9015
49288-0091,Mix - Cocktail Ice Cream,Cheese - Pont Couvert,27850,96-187-8396
59762-5027,Syrup - Kahlua Chocolate,Cheese - Mascarpone,42138,64-642-3431
"0378-6232,""Mushrooms - Black, Dried"",Lobak,24126,96-186-6018"
36987-1001,Breadfruit,Jam - Raspberry,20989,34-287-1168
43063-207,Steampan - Foil,Beef Wellington,11450,86-927-1707
63736-375,Peach - Halves,Rice Wine - Aji Mirin,28949,77-799-4862
"21695-735,""Cake Circle, Foil, Scallop"",Tart - Butter Plain Squares,28850,10-578-7007"
49351-018,Appetizer - Lobster Phyllo Roll,Graham Cracker Mix,15310,73-001-4044
"49708-102,""Yogurt - Blueberry, 175 Gr"",Soupcontfoam16oz 116con,45777,40-070-5720"
36987-1406,Cookie - Dough Variety,Cookie Dough - Oatmeal Rasin,32863,49-073-8898
50458-171,Chocolate Bar - Coffee Crisp,Wine - Pinot Grigio Collavini,46813,28-834-0922
41167-0506,Icecream - Dstk Cml And Fdg,Lobak,25164,52-183-2479
0615-7757,Sandwich Wrap,Butter Balls Salted,13473,70-860-4205
"0615-6593,""Chilli Paste, Sambal Oelek"",Cookies - Englishbay Wht,31355,20-274-0837"
62856-750,Flax Seed,Cheese Cloth No 60,46295,55-965-9092
65483-392,Napkin White - Starched,Calvados - Boulard,31965,65-480-3616
"24385-188,""Chilli Paste, Sambal Oelek"",""Cup - 6oz, Foam"",29900,79-490-8236"
41268-422,Wine - Magnotta - Pinot Gris Sr,Macaroons - Homestyle Two Bit,18977,59-257-1858
51138-017,Cheese - Brick With Pepper,Appetizer - Mango Chevre,27213,88-422-2613
36987-2763,Gatorade - Orange,Rabbit - Frozen,43848,31-693-2338
62670-4164,Muffin - Carrot Individual Wrap,Coffee - Egg Nog Capuccino,38610,26-736-4722
"61314-643,""Oil - Food, Lacquer Spray"",""Brocolinni - Gaylan, Chinese"",16107,42-870-0206"
65954-901,Squid - U - 10 Thailand,Danishes - Mini Cheese,11061,11-013-0177
63868-126,Pie Filling - Pumpkin,Sobe - Lizard Fuel,12813,02-341-6133
"52343-055,""Chicken - Base, Ultimate"",Bay Leaf Ground,13940,48-479-2206"
57520-0551,Teriyaki Sauce,Juice - V8 Splash,3708,15-779-5914
"0268-1273,Gatorade - Fruit Punch,""Wine - White, Gewurtzraminer"",6931,18-066-1460"
"0187-5144,Cheese - Victor Et Berthold,""Garlic - Primerba, Paste"",41055,54-634-4698"
14783-336,Lettuce - California Mix,Pimento - Canned,32272,09-413-9095
42043-161,Pasta - Fusili Tri - Coloured,Shrimp - 31/40,3552,72-218-0515
0280-8005,Worcestershire Sauce,Beef - Sushi Flat Iron Steak,25022,24-069-5790
99528-3590,Horseradish Root,Veal - Kidney,27383,53-447-9320
63433-222,Tarragon - Fresh,Ostrich - Prime Cut,19040,23-719-0599
57881-332,Bacon Strip Precooked,Wine - Cotes Du Rhone Parallele,43239,01-816-8468
"63304-900,Country Roll,""Red Snapper - Fillet, Skin On"",7222,22-627-9479"
44911-0085,Beans - Fava Fresh,Dehydrated Kelp Kombo,26958,97-186-6009
51393-6657,Cape Capensis - Fillet,Durian Fruit,5088,27-612-8916
55316-065,Wine - Chenin Blanc K.w.v.,Water Chestnut - Canned,10613,35-832-6423
"54868-5394,""Chicken - Diced, Cooked"",Lamb - Rack,4775,23-057-9900"
"57469-021,""Clams - Littleneck, Whole"",Parsnip,13812,78-465-3396"
53045-251,Piping - Bags Quizna,Beets - Pickled,16343,13-980-0168
"51346-023,Maintenance Removal Charge,""Pesto - Primerba, Paste"",25272,66-249-3025"
0615-0547,The Pop Shoppe - Grape,Ham Black Forest,29699,25-285-8195
48951-8168,Russian Prince,Peas - Frozen,7448,19-158-5810
0781-1789,Chinese Foods - Pepper Beef,Peach - Halves,4006,33-912-5390
43269-827,Bag - Regular Kraft 20 Lb,Cup - 4oz Translucent,30225,56-023-7670
43742-0375,Wine - Domaine Boyar Royal,Lamb Rack Frenched Australian,5763,51-959-9010
51991-168,Onions - Vidalia,Cakes Assorted,25710,71-823-6893
58914-003,Muffin Mix - Raisin Bran,Numi - Assorted Teas,36188,78-093-1339
55316-580,Sloe Gin - Mcguinness,Oil - Margarine,11613,63-028-9798
"68151-2875,Wine - Kwv Chenin Blanc South,""Pepper - Paprika, Hungarian"",42216,25-132-0663"
"0126-0025,""Garlic - Primerba, Paste"",Pickerel - Fillets,32550,51-497-0609"
"33992-0213,Chicken Breast Wing On,""Flour - Buckwheat, Dark"",10683,07-279-9842"
"63824-467,Wine - Toasted Head,""Cherries - Maraschino,jar"",32900,45-659-4307"
16590-155,Canada Dry,Sausage - Chorizo,38172,49-581-6095
63868-664,Longos - Cheese Tortellini,Apricots - Halves,5665,68-837-7746
49527-751,Pizza Pizza Dough,Cookies - Englishbay Chochip,36293,72-921-1108
63029-850,Corn Kernels - Frozen,Soup - Campbells Asian Noodle,28444,43-928-9243
57691-107,Beans - Kidney White,Miso Paste White,24197,99-234-7273
52389-162,Lamb Tenderloin Nz Fr,Cheese - Gouda Smoked,17975,56-339-8525
0615-5592,Tea - Lemon Scented,Curry Powder Madras,45133,22-020-4039
63941-313,Appetizer - Mango Chevre,Higashimaru Usukuchi Soy,37168,21-846-2986
55154-0217,Sugar - Fine,French Kiss Vanilla,4159,57-077-1985
66993-413,Relish,Cod - Fillets,43361,08-461-7731
"51672-1301,""Bread - Pita, Mini"",Orange Roughy 6/8 Oz,14755,90-085-2247"
68001-177,Filling - Mince Meat,Carbonated Water - White Grape,41240,25-717-6610
"45802-594,Syrup - Monin - Blue Curacao,""Potatoes - Instant, Mashed"",25930,85-210-8060"
0121-0654,Muffin Mix - Chocolate Chip,Carbonated Water - Cherry,44189,07-741-7389
59779-936,Sauce - Soy Low Sodium - 3.87l,Chevere Logs,49166,35-503-0983
36987-1692,Beer - Maudite,Pear - Prickly,14705,05-228-3950
"43353-340,""Cheese - Brie, Cups 125g"",Beer - Sleemans Cream Ale,21476,26-978-0076"
61096-0006,Apple - Granny Smith,Bag Clear 10 Lb,11070,42-037-2141
42406-006,Salt And Pepper Mix - White,Syrup - Monin - Blue Curacao,42044,37-016-5017
61727-312,Sunflower Seed Raw,Arizona - Green Tea,18095,47-917-6418
"0781-3167,""Chocolate - Pistoles, Lactee, Milk"",Cream - 18%,10418,21-940-2766"
59779-472,Sauce - Salsa,Sauce - Chili,33354,37-679-1124
"11084-532,""Orange - Canned, Mandarin"",Soup - Campbells - Tomato,16970,86-423-1182"
"49349-924,Sambuca - Opal Nera,""Noodles - Cellophane, Thin"",44206,14-339-2441"
55154-4333,Chicken - Base,Grapes - Red,5610,06-060-5232
"52549-4148,Water - Tonic,""Cherries - Maraschino,jar"",14104,65-166-2859"
55700-008,Lid - 16 Oz And 32 Oz,Calypso - Lemonade,47417,61-211-3447
63941-019,Energy Drink Red Bull,Dill Weed - Fresh,48525,93-319-5206
63354-931,Appetizer - Chicken Satay,Apron,46531,89-153-4238
45014-141,Beer - Blue,Cheese - Asiago,27550,06-840-9148
68703-117,Sobe - Orange Carrot,Artichokes - Jerusalem,49752,40-460-7100
"68180-589,Alize Red Passion,""Bread - Dark Rye, Loaf"",49335,97-557-4821"
"57691-096,""Coke - Diet, 355 Ml"",Sprouts - Baby Pea Tendrils,33092,65-671-9519"
"55154-5616,""Soup - Campbells, Spinach Crm"",Wine - Casillero Deldiablo,13356,50-350-5538"
"62257-370,""Tea - Darjeeling, Azzura"",Beer - Upper Canada Lager,33093,23-574-0973"
48951-1001,Sauce - Chili,Cookie Chocolate Chip With,38567,48-715-2856
"0186-1989,Cake - Lemon Chiffon,""Cake Circle, Foil, Scallop"",29915,54-430-5094"
60512-0006,Arizona - Green Tea,Tuna - Yellowfin,43287,01-083-4064
67510-0665,Carrots - Jumbo,Cheese - Parmesan Grated,20573,58-736-2835
"46123-020,""Garlic - Primerba, Paste"",Muffin Mix - Raisin Bran,13727,07-656-2896"
"59779-134,Anchovy Paste - 56 G Tube,""Bread - Roll, Italian"",39621,09-813-5294"
57520-0366,Hot Choc Vending,Gooseberry,23233,00-644-1918
"24236-719,Chocolate Bar - Smarties,""Croissant, Raw - Mini"",22928,75-541-2506"
68327-034,Bread - Raisin,Muffin Mix - Chocolate Chip,5789,37-637-5665
59535-7001,Chickensplit Half,Nori Sea Weed,30162,85-436-8245
"56153-001,""Oil - Olive, Extra Virgin"",""Pasta - Cappellini, Dry"",8117,45-325-1091"
"0615-2304,Kolrabi,""Nestea - Ice Tea, Diet"",30132,61-501-8284"
56062-056,Spring Roll Veg Mini,Wine - Cave Springs Dry Riesling,33672,26-223-3622
50419-208,Tray - 16in Rnd Blk,Coffee - French Vanilla Frothy,14941,93-940-0403
0069-0700,Squid - Tubes / Tenticles 10/20,Cup - 4oz Translucent,11656,96-589-3359
61957-1121,Calaloo,Magnotta - Bel Paese White,44246,90-891-2341
63783-011,Syrup - Monin - Passion Fruit,Taro Leaves,47822,61-720-5279
"37000-746,""Soup - Campbells, Cream Of"",The Pop Shoppe - Black Cherry,19077,49-657-0805"
16590-372,Cheese Cheddar Processed,Rum - Mount Gay Eclipes,34798,30-531-2790
0641-1398,Irish Cream - Butterscotch,Sausage - Blood Pudding,31278,78-287-4353
61957-0124,Beef - Eye Of Round,Okra,41414,08-974-6463
21130-527,Bacon Strip Precooked,Bread - Raisin Walnut Oval,44848,56-192-7741
42043-171,Coffee Guatemala Dark,White Baguette,49334,21-502-8829
41250-377,Ginger - Fresh,Coffee Beans - Chocolate,3420,40-777-7146
"49873-402,""Champagne - Brights, Dry"",The Pop Shoppe - Lime Rickey,16748,53-803-1190"
34022-101,Water - Perrier,Wine - Riesling Alsace Ac 2001,35535,25-269-7327
0113-0441,Squid U5 - Thailand,Anchovy In Oil,10304,19-484-6574
"0113-0467,""Wine - Red, Antinori Santa"",Bread - Bistro Sour,28108,33-941-8086"
"50563-133,Pail For Lid 1537,""Beef - Ground, Extra Lean, Fresh"",12141,38-135-8727"
58466-023,Squash - Butternut,Cheese - Stilton,14429,44-666-8037
42507-373,Cups 10oz Trans,Glaze - Clear,45929,61-198-7394
67046-030,Sansho Powder,Cheese - Roquefort Pappillon,21701,73-656-2586
"68645-020,""Lemonade - Natural, 591 Ml"",Broom Handle,5522,57-001-8853"
58657-500,Sauce - Plum,Cup - 8oz Coffee Perforated,45402,74-163-3255
68016-002,Oneshot Automatic Soap System,Cup - 8oz Coffee Perforated,14681,36-283-5025
11822-1880,Puree - Blackcurrant,Red Currant Jelly,44859,94-243-4492
0078-0502,Crab - Meat,Bandage - Flexible Neon,33183,43-595-9230
49349-725,Onion Powder,Pie Filling - Cherry,39242,33-864-2714
55670-132,Soup - Verve - Chipotle Chicken,Bread - Rye,24199,52-727-1008
"49349-467,Pastry - Key Limepoppy Seed Tea,""Wine - Mas Chicet Rose, Vintage"",31087,46-282-6510"
13709-230,Pop - Club Soda Can,Sponge Cake Mix - Vanilla,21254,41-512-8182
"58668-2261,Soup - Campbells Chili,""Olives - Black, Pitted"",3626,59-287-7530"
69153-020,Blueberries,Cheese - Swiss Sliced,3705,36-154-7941
17433-9878,Island Oasis - Banana Daiquiri,Vodka - Smirnoff,12133,08-090-5022
14783-029,Mushrooms - Honey,Contreau,43962,28-770-8654
"42291-367,Food Colouring - Orange,""Salmon - Smoked, Sliced"",38003,56-972-1530"
"45802-423,""Pasta - Detalini, White, Fresh"",Pork - Sausage Casing,10530,21-483-9804"
68788-9826,Chef Hat 20cm,Plasticknivesblack,43286,02-938-8732
"52959-939,""Shrimp - 16/20, Iqf, Shell On"",Coffee - Espresso,34627,29-866-6638"
13537-506,Cheese - Brie,Lettuce Romaine Chopped,39501,19-291-7076
0573-1915,Beef - Tender Tips,Dc Hikiage Hira Huba,25951,39-245-1455
"68391-458,""Beans - Navy, Dry"",Taro Leaves,7430,76-678-6641"
0132-0334,Sauce Tomato Pouch,Soup V8 Roasted Red Pepper,42104,96-763-9844
36800-224,V8 - Vegetable Cocktail,Snapple - Mango Maddness,3868,41-464-9635
54868-5525,Table Cloth 62x120 Colour,Cheese - Gorgonzola,13044,77-585-3459
"31645-145,""Pasta - Spaghetti, Dry"",Longos - Chicken Cordon Bleu,49348,33-021-5746"
36987-2800,Trout - Smoked,Wine - Merlot Vina Carmen,20433,79-467-6505
49693-1306,Pork - Hock And Feet Attached,Nantucket Pine Orangebanana,27661,54-855-4395
66129-144,Veal - Knuckle,Spinach - Frozen,31775,12-283-8670
"21695-935,Mushroom - Lg - Cello,""Cake Circle, Foil, Scallop"",10456,12-911-0101"
49349-371,Lemons,Monkfish Fresh - Skin Off,5502,24-956-8582
10812-014,Onions - Red,Pastry - Banana Muffin - Mini,17926,42-788-9773
"10096-0138,Wine - Magnotta - Cab Franc,""Ranchero - Primerba, Paste"",4234,53-972-2461"
58238-229,Bread - Rye,Cheese - Victor Et Berthold,41369,93-840-3211
53808-0587,Compound - Rum,Wine - Pinot Grigio Collavini,32140,04-278-7300
63029-850,Mushroom - Lg - Cello,Beer - Maudite,33993,68-068-8094
"55154-5359,Container Clear 8 Oz,""Bread - Bagels, Mini"",5617,00-154-9802"
"63629-4888,""Nut - Almond, Blanched, Sliced"",Coffee - Decafenated,19679,23-507-4021"
64011-243,Wine - Crozes Hermitage E.,Mcguinness - Blue Curacao,6917,21-976-4972
0168-0278,Beans - Wax,Beans - Wax,22488,64-114-7704
36987-1267,Soup Campbells - Italian Wedding,Cheese - Camembert,24615,63-390-8932
54868-5143,Cabbage - Green,Snapple - Mango Maddness,20468,68-903-4726
64725-0112,Cocktail Napkin Blue,Island Oasis - Banana Daiquiri,27204,63-296-1956
"60691-116,Cookies Cereal Nut,""Beef - Bones, Cut - Up"",21495,50-902-9353"
42926-140,Cheese - Augre Des Champs,Quiche Assorted,11834,88-889-3163
52343-018,Onion Powder,Muskox - French Rack,9152,70-159-2178
62600-110,Steampan Lid,Goulash Seasoning,47701,25-906-7292
13537-505,Asparagus - Mexican,Olives - Stuffed,20877,40-301-7307
64942-1164,Lettuce - Iceberg,Lid Tray - 12in Dome,49423,63-457-7213
"50383-959,""Pasta - Rotini, Colour, Dry"",Duck - Fat,41546,53-302-9877"
14783-444,Cheese - Cambozola,Lobster - Live,21377,84-045-2719
11026-2650,Salmon Atl.whole 8 - 10 Lb,Bread Roll Foccacia,5534,53-086-8144
"63868-170,Ecolab - Mikroklene 4/4 L,""Beans - Kidney, Red Dry"",26827,73-072-1842"
0406-1923,Coriander - Ground,Baking Powder,31111,81-268-0759
"58876-106,""Pasta - Detalini, White, Fresh"",Cherries - Frozen,16323,21-917-7583"
0121-4727,Island Oasis - Strawberry,Peach - Halves,34376,38-623-0673
