Name,Nit,Manager;
Vinder,26-061-3497,Electra Ianilli;
Kwideo,52-657-8430,Pattie Caddy;
Quatz,77-117-7927,Aubine Batram;
Shuffledrive,41-874-9859,Lissa Bolger;
Jabbertype,67-728-6290,Noe Silberschatz;
Roombo,45-232-0421,Wyndham Gounel;
Gigashots,29-649-1329,Mead Redihalgh;
Feedspan,22-396-5423,Elene Tutton;
Roombo,92-104-6713,Kacey Stephens;
Tekfly,45-577-2990,Gregory Goodere;
Twitterworks,05-051-4680,Portie Heading;
Wikizz,72-153-5425,Hagen Osbaldeston;
Dabtype,67-076-6995,Violet Meah;
Meetz,81-503-9288,Brit Kiessel;
Yambee,84-000-8359,Carlene Balm;
Skajo,05-800-8158,Helene Doram;
Zoombox,90-942-3010,Caren Billie;
Katz,77-981-7643,Adelina Dorie;
Brightbean,19-593-9425,Perceval Prendeville;
Mydo,80-194-1830,Maryanne Tench;
Thoughtstorm,24-339-1582,Prudy Ace;
Roomm,84-892-2791,Dehlia Ings;
Quatz,41-363-0555,Deina Deaconson;
Feedfire,32-210-0753,Malanie Fayerbrother;
Feedbug,46-509-1028,Allina Chaucer;
Skibox,50-081-1947,Krishnah Sissens;
Wikizz,99-598-8840,Perry Menendez;
Fanoodle,12-182-2624,Vergil Cabell;
Ooba,61-278-7728,Pooh Loosmore;
Rhybox,58-830-1725,Wiley Murty;
Geba,05-666-3025,Analiese Hunter;
Leexo,03-822-4798,Leia Scurlock;
Jatri,87-429-2500,Sybila Penney;
Muxo,29-684-1229,Tildi Winton;
Realcube,43-505-6383,Emelen Ivanilov;
Thoughtstorm,13-878-9411,Bale Bineham;
Wikivu,36-358-1092,Coretta Piet;
Oloo,70-070-1204,Kerianne Gong;
Yakidoo,57-377-5635,Mitch Insull;
Tazz,23-990-7513,Sigvard Chinnock;
Ooba,77-530-5216,Kelcey Cantero;
Quinu,41-510-5831,Breena Armin;
Zooveo,65-610-3881,Ernie Dunbabin;
Pixoboo,13-373-2065,Yoko Yakobowitz;
Eamia,18-382-3024,Valentina Broadis;
Mycat,43-002-3025,Goldarina Leinweber;
Dabjam,09-750-3602,Hamel Gillett;
Skynoodle,60-630-8780,Inigo Bowles;
Janyx,96-816-6747,Bil Reye;
Plambee,68-986-5498,Chester Antoni;
Leenti,30-983-2192,Oralia Elvy;
Skimia,86-011-4564,Oliviero Meddick;
Shufflebeat,26-922-7916,Katey Braddick;
Jayo,24-322-4533,Alleyn Tomas;
Devbug,04-371-6662,Janice Boughey;
Zoomdog,61-261-1214,Otha Gribbon;
Quinu,33-926-4399,Evyn Eckart;
Jabbersphere,84-098-1935,Flossy Dawidowitsch;
Riffpedia,55-457-8535,Eduardo Veronique;
Trilia,66-368-8558,Ardyth Tonn;
Topicstorm,08-455-6388,Sander Bruggeman;
Roodel,37-591-7224,Bari Ogden;
Linklinks,89-290-3616,Fran Eagger;
Linkbridge,31-892-9877,Saraann Vautrey;
Trilith,13-815-0917,Cesaro Guyton;
Topicstorm,60-261-5038,Dyane Bellson;
Oyondu,23-114-5120,Cristine Engel;
Roombo,29-626-3880,Chevalier Gilyatt;
Divavu,12-061-5904,Nell McCafferky;
Quinu,63-482-0013,Milt Clarkson;
Yacero,77-699-1842,Conroy Paull;
Oozz,72-589-7304,Brooke Cadding;
Jaxspan,31-049-0722,Alexandra Parsons;
Meemm,18-604-2260,Nobe Vonderdell;
Roombo,90-550-5250,Joseito Truggian;
Podcat,57-166-9851,Cooper Allberry;
Dynabox,36-911-6181,Adda Reynish;
Lajo,62-454-9945,Dur Aubrey;
Aimbu,97-902-8973,Idalia Feige;
Oloo,84-127-5733,Kurt Yurkov;
Mybuzz,15-539-3521,Dalston Killich;
Wordtune,32-611-5819,Saundra Chugg;
Tagchat,09-098-1852,Gretna Pretor;
Browsebug,45-879-2969,Kathleen Matheson;
Devcast,75-945-8338,Ilise Govern;
Bluezoom,21-875-9712,Vasili Fido;
Ooba,76-877-5993,Rhea Sultana;
Jabbersphere,48-334-0378,Abbey Pichan;
Linkbridge,17-414-5960,Gage Varian;
Bubbletube,78-578-4459,Phyllida Handling;
Abatz,28-652-3869,Horacio Iacovazzi;
Oba,85-213-5893,Constantine Blissett;
Latz,63-982-4417,Nissie Widdows;
Feedspan,37-692-6960,Adriane Scranny;
Shuffledrive,71-977-6744,Hadria Kniveton;
Quimm,75-956-8547,Alia Mourge;
Twitterlist,25-353-3278,Martin Baack;
Tagopia,26-012-6416,Sallee Posse;
Bubblemix,85-233-4236,Hillier Chiddy;
Podcat,10-088-1872,Marlowe Poat;
Livetube,10-225-6619,Analise Dudny;
Rhynyx,11-165-1153,Federico Dregan;
Yodoo,28-146-8591,Katya Draycott;
Babbleblab,06-228-0537,Cameron Ballsdon;
Gabtune,11-388-0115,Phil Andresser;
Kanoodle,58-284-2906,Angelique Graybeal;
Mydeo,31-381-5680,Viviene Loveard;
Dabfeed,60-325-0508,Jeniffer Kehoe;
Tagfeed,02-092-9057,Vladamir Racine;
Topicware,75-119-7628,Willa Gillopp;
Kare,62-787-5483,Elle McKintosh;
Vinte,52-479-7596,Bevin Springall;
Feedspan,63-738-6603,Candra Binding;
Buzzster,75-324-2313,Beckie Coulbeck;
Browsebug,09-143-0266,Briny Brittoner;
Jabbersphere,46-074-0012,Ashil Hammon;
Flashspan,66-824-6024,Chevalier Hows;
Twitterwire,91-779-5597,Ainslee Windram;
Tagchat,34-083-9272,Dollie Walkling;
Meemm,16-944-5599,Alphonse Meyrick;
Devpulse,84-337-4138,Annamarie Chevin;
Livetube,84-605-0907,Flo Dunkerley;
Bluezoom,61-524-1186,Terrance Spottiswoode;
Jabbersphere,21-147-9961,Bennett Edworthy;
Twitterbridge,71-947-4659,Gardner Matushenko;
Aibox,79-576-7281,Bryana Ielden;
Fadeo,09-931-9246,Tuck Hacksby;
Mymm,56-576-6373,Francois Olkowicz;
Abata,75-158-2653,Templeton Farrimond;
Trilith,33-591-8619,Patrice Eggle;
Feedmix,01-947-6801,Sam Golbourn;
Jaxbean,48-639-6702,Thaddus Clausson;
Babbleset,03-838-8656,Ermin Oiseau;
Katz,28-400-3640,Raddy Washbrook;
Miboo,69-750-6963,Aloin Heineken;
Devshare,69-464-5864,Freeland Pavolini;
Devpoint,46-229-8036,Ola Synnot;
Voolith,73-827-5605,Aubrey Aire;
Rhycero,66-617-7106,Byram Jerrans;
Twitterworks,53-117-4345,Marquita Alelsandrowicz;
Innotype,15-898-4100,Lucais Grosvenor;
Tavu,47-847-6518,Russell Bilson;
Gabtype,16-498-5048,Rowan Cholmondeley;
Zoombeat,05-654-9609,Alexa Anand;
Realblab,38-935-8362,Trude Romke;
Skyba,56-711-4781,Dareen Govan;
Agimba,43-685-6390,Trev Ickowics;
Camido,66-130-0699,Hesther Crosston;
Browsedrive,94-064-9021,Kaile Littlefair;
Twitterbridge,74-191-9133,Timotheus Karolyi;
Skynoodle,05-371-7840,Ardys Bertwistle;
Voonte,72-099-6420,Roderick Reeday;
Yodoo,36-339-4740,Callean Corre;
Devpulse,42-532-3222,Penelope Cushe;
Fadeo,61-856-5769,Lizzie Babbidge;
Quimm,07-768-4560,Margarethe Considine;
Zoonder,06-908-9393,Tim Stollmeier;
Oyoyo,62-642-4200,Cart Shaddick;
Fivespan,67-570-7047,Irwinn Bungey;
Realmix,00-150-9059,Kaye Rearie;
Divape,16-535-4891,Nedi Creenan;
Wordware,88-167-0271,Lucretia Capes;
Realcube,58-042-6159,Teresita Bauser;
Kwimbee,42-734-5718,Claudian Bee;
Photobug,57-099-4525,Ingram Faireclough;
Topicware,11-872-6835,Marcelia Buglass;
Edgepulse,88-669-0532,Wynny Wapol;
Fivespan,98-945-1634,Nolly Boyington;
Snaptags,12-034-9872,Rosie Joynt;
Thoughtworks,27-233-5925,Conrado Dogg;
Yadel,18-331-9495,Khalil Sutcliffe;
Topicblab,46-504-0117,Ollie Wilsee;
Fivespan,73-739-3119,Klemens Havenhand;
Kazu,18-557-3425,Darin Gauche;
Reallinks,35-490-4993,Stefano Pettitt;
Agivu,08-358-2730,Florentia Gelderd;
Browsecat,71-765-8072,Burtie Pargetter;
Linkbridge,28-111-0877,Alejoa Danahar;
Meevee,55-198-3853,Diandra Duns;
Fliptune,57-677-9633,Ingaborg Favel;
Babbleopia,40-819-1671,Morly Griffey;
Realcube,94-691-5945,Ketti Gindghill;
Skiptube,21-190-7792,Sherilyn Troni;
Browsebug,17-717-8768,Joyous Quade;
Yombu,73-605-5559,Odele Kittman;
Omba,20-534-9873,Eliot Liggens;
Zoonoodle,86-385-8693,Broddy Rodell;
Jabbersphere,63-171-2586,Eldin Bert;
Edgewire,03-279-5423,Reine Paolone;
Flashdog,58-206-7003,Liuka Worshall;
Twitterwire,27-102-2410,Fernande Eyeington;
Jabbercube,34-706-9978,Reidar Colkett;
Jabbertype,28-871-5083,Ingram Ambrois;
Thoughtsphere,73-719-1959,Alicia Froome;
Zoomdog,65-869-0020,Anna-diane Morando;
Mymm,31-861-4179,Brandice Crawshaw;
Skinix,64-234-9746,Dulcie Cawte;
Thoughtworks,17-577-2377,Vin Artois;
Zoomzone,35-433-5944,Juliann Blaxton;
Livefish,61-089-1514,Dana Feather;
Snaptags,58-716-4955,Annmaria Proudlock;
Kayveo,26-634-3312,Diena Narducci;
Topicstorm,78-337-6277,Sula Mc Faul;
Tagpad,80-744-4690,Grete Dight;
Jazzy,08-901-9348,Eddy Roskeilly;
Photobug,03-803-6932,Oriana Davis;
Trudoo,26-159-6932,Beulah Sire;
Dynazzy,88-703-9945,Malanie Maunders;
Twitterwire,73-455-9061,Megen Fear;
Feednation,38-461-9658,Alysia Renols;
Tagopia,78-354-7068,Arliene Sindell;
Feednation,25-360-3717,Sena Smeaton;
Brightbean,62-417-4183,Tine Kuschel;
Ntags,32-999-4175,Nertie Spurgin;
Leenti,66-336-3180,Euphemia Mithan;
Photobug,39-342-4444,Alic Dronsfield;
Dynabox,80-801-7066,Roselia Purchall;
Aimbo,39-840-2947,Rosa Officer;
Kayveo,36-697-8507,Avery Dunbabin;
Eimbee,86-958-8379,Cordie Indgs;
Devify,86-462-1519,Salli Canet;
Thoughtblab,96-264-0526,Waverley Scritch;
Talane,83-217-6643,Lisha McKune;
Tazzy,96-912-3382,Marc Chorlton;
Aimbo,91-565-2854,Drew Gorman;
Devcast,10-536-4797,Rowe Surr;
Yakitri,41-762-9291,Abe Franies;
Livepath,11-033-3600,Bevin Androsik;
Jayo,46-342-0895,Josh Ridsdole;
Fiveclub,64-681-9338,Marie-ann Giorgielli;
Jetpulse,91-805-2724,Raddy Gladdolph;
Avavee,18-126-6688,Brendis Kuscha;
Kimia,96-182-8181,Cahra Paliser;
Youbridge,97-801-4229,Iormina Beiderbecke;
Youtags,86-531-3563,Rustie Olivari;
Camido,56-396-2219,Annabelle Swiffin;
Blogspan,22-311-3860,Graig Mullaney;
Quimm,99-228-9638,Bekki Petrillo;
Realcube,25-380-0883,Malissa Hartopp;
Buzzdog,10-831-2608,Nevin Franklin;
Brainsphere,18-383-2062,Jaquelyn Puckey;
Myworks,00-325-0426,Cleveland Tokell;
Edgeify,80-925-0372,Craggy Whoolehan;
Gevee,16-083-7669,Laurene Wheildon;
Babbleblab,41-305-9360,Marven Chapple;
Jaloo,76-955-0810,Hilly Ascough;
Dynabox,97-794-8705,Romeo Biswell;
Demimbu,04-928-1223,Joel Leggitt;
Talane,76-254-8799,Bailie Woolen;
Skippad,13-050-6730,Jacynth Askaw;
Skajo,93-118-1127,Bonni Felton;
Aibox,12-802-6517,Rhys Beste;
Mycat,21-451-4113,Heath Fawssett;
Jabbertype,09-222-2186,Hadley Leynham;
Innotype,20-509-8491,Renault Capper;
Fliptune,03-172-7258,Ash Van Leijs;
Edgepulse,82-036-0453,Theodor Wyard;
Fadeo,20-095-5814,Charyl Gauch;
Meezzy,50-576-0113,Benedicta Wrack;
Jabbersphere,89-242-7623,Jackson Dielhenn;
Rhybox,03-025-8649,Norri Uman;
Quamba,54-230-8666,Emera Edkins;
Skippad,11-325-4409,Annissa Fleote;
DabZ,97-820-9721,Lacy Winsom;
Kimia,54-198-9584,Levi Crabbe;
Mymm,60-199-7751,Prentice Rochell;
Thoughtbeat,83-192-0445,Clem Stansbury;
Buzzbean,24-719-6333,Bobbie Hallihane;
Babblestorm,52-370-1872,Angelo McKibben;
Trilith,93-899-5410,Lorne Eyres;
Buzzshare,39-319-2015,Ewen O'Dulchonta;
Centidel,66-141-9060,Sammy Late;
Wordware,19-573-4245,Ricardo Adlam;
Brightbean,41-089-6386,Phillipe Room;
Jayo,67-259-6066,Nata Ayscough;
Camido,27-832-5651,Dewey Frays;
Oyope,45-306-5298,Rik Vear;
Voonder,74-937-6718,Elle Gillan;
Quimba,88-961-0401,Emilio Jephcote;
Vipe,02-076-4225,Sancho Dewing;
Yodo,82-273-5393,Haslett Sprade;
Ainyx,88-558-1820,Sandro Goodbourn;
Meeveo,39-264-6312,Felicio Lennox;
Kamba,75-127-2506,Golda Gibke;
Twitternation,54-288-9625,Tobie Yakunin;
Skipstorm,77-401-8153,Joy Woods;
Centizu,95-621-5156,Jeniffer Shewon;
Quinu,88-843-1097,Carmon Norsworthy;
Abatz,19-972-3549,Leland Thurlbourne;
DabZ,42-603-3379,Dominga Roalfe;
Wordware,26-819-8218,John Itzkovsky;
Twitterwire,51-032-7224,Dane Garment;
Zooveo,87-996-2763,Karlen Mc Faul;
Topdrive,16-553-7173,Benjy Casajuana;
Realfire,59-567-3574,Malcolm Edwick;
Gabtune,87-325-0006,Andie Moakler;
Zooxo,22-081-1836,Erv Cherrett;
Kazu,16-062-3000,Devlin Limpkin;
Browsecat,47-842-0939,Kendell Beresford;
Yamia,58-202-0029,Nicolette Pailin;
Blognation,52-023-5261,Clark Brumbie;
Wikido,17-420-3926,Carlyle Iannini;
Kwideo,52-487-3021,Maddie Olyonov;
Skipstorm,99-929-1718,Jarrod Bunyan;
Cogibox,26-631-4643,Gifford Nutter;
Kwimbee,19-365-5037,Aldo Vowden;
Layo,93-523-7274,Rowland Stevenson;
Bluejam,22-718-0669,Althea Stanway;
Babbleopia,92-221-3111,Aleda Navein;
Camimbo,78-419-4884,Shellysheldon Skilton;
Wikibox,43-999-5535,Puff Coomes;
Gabtune,93-105-4753,Lucita Gilluley;
Voolia,69-563-9702,Sayers Chappell;
Edgepulse,41-976-0759,Rick Wagon;
Buzzshare,49-797-3461,Claudio Cattini;
Brainlounge,26-984-8094,Kali Relton;
Gabvine,34-644-0337,Mavis Cradoc;
Realbuzz,41-063-3558,Janetta Camfield;
Dazzlesphere,60-010-5387,Rossy Algar;
Rhyloo,76-576-6087,Candra Casoni;
Yotz,56-528-1851,Philbert Durram;
Browsetype,29-983-9771,Row Balchin;
Oloo,11-530-6847,Lucienne Dominy;
Yodel,59-504-9475,Karel Peterken;
InnoZ,42-023-1235,Jeanine Pennycook;
Realcube,05-244-6320,Kennedy Wadmore;
Zoonoodle,53-953-4235,Rick Desvignes;
Tagtune,51-153-9818,Christoforo Early;
Zoombox,67-011-1819,Lianna Cubbon;
Einti,94-860-2256,Samson Waith;
Dabtype,31-173-6233,Dorolisa Franken;
Twitterwire,80-814-3340,Farr Bazylets;
Omba,55-624-0879,Manda Bagnold;
Realcube,30-602-0200,Claudie Foxton;
Livefish,89-379-6777,Paolina Pirson;
Quamba,38-258-2073,Bartolomeo Belderson;
Ailane,15-719-5340,Lexy Sketch;
Oba,40-938-1935,Shayla Noblett;
Devshare,45-847-4870,Lana Bernollet;
Teklist,20-556-0846,Tarra Goering;
Abatz,49-981-5762,Myrtice Forcade;
Ooba,12-395-0164,Ailina Heaker;
Kwilith,05-186-2579,Coralyn Kedward;
Livefish,89-575-2477,Lucian Roderham;
Voolia,43-773-8711,Perry Roggieri;
Roombo,46-513-5334,Jessika Ridhole;
Meemm,59-526-4902,Arielle McCafferty;
Feedspan,21-417-6698,Peg Rusted;
Bubbletube,39-247-8918,Alwyn Charkham;
Jabberbean,38-757-0188,Andros Windley;
Tambee,40-530-3240,Iago Arnaldo;
Innojam,39-371-4166,Janel Fishly;
Bubblemix,12-278-6759,Lisetta Sole;
Youfeed,67-324-9008,Bartlet Seywood;
Realcube,14-320-2436,Meyer Whytock;
Meevee,53-507-7135,Justinn Roskilly;
Wordware,81-953-1745,Clarinda Burridge;
Innojam,98-172-0225,Arlene Lindl;
Chatterbridge,99-869-3917,Danyelle Attwater;
Skyba,64-429-9217,Allyn Sexton;
Skaboo,37-137-6678,Kamilah Pickup;
Kwilith,49-118-7381,Oona Leal;
Dynava,68-067-3547,Roth Proven;
Blogtags,38-112-2053,Pietrek Coltan;
Dynazzy,36-846-0826,Patsy Schoenleiter;
Roombo,92-573-0953,Ludovico Bullent;
Eimbee,23-355-6945,Jada Lumbley;
Gigabox,01-903-3546,Dorri Georg;
Eamia,39-438-4322,Geneva Godier;
Abata,41-822-2332,Hilly Sammonds;
Flipstorm,09-133-4480,Ario Jojic;
InnoZ,80-636-9895,Brigida Kretchmer;
Voonyx,24-163-4030,Lauralee O'Dowling;
Rhycero,56-154-3421,Idalia Devereu;
Podcat,39-366-6981,Camella Gandrich;
Wikizz,54-163-0217,Briano Uff;
Tagchat,71-516-8126,Catriona Beminster;
Jaxbean,25-997-0094,Ingmar Pavic;
Tanoodle,86-832-0859,Shea West-Frimley;
Devcast,17-975-3057,Germana Duxbury;
Shufflester,55-540-7052,Virgie Hammell;
Zoovu,20-737-1484,Chuck Hallard;
Linklinks,22-235-2696,Auberta Gascoyne;
Topicstorm,64-653-8400,Les Nagle;
Eamia,49-042-6503,Vasilis Rothera;
Topicware,27-869-8580,Sara-ann Bingham;
Twimm,41-314-6551,Wilden Kinnie;
Divanoodle,71-438-8389,Madeleine Martinson;
Quaxo,63-284-3823,Emmery Sprowle;
Zava,43-626-1546,Pacorro Bohje;
Tagopia,35-601-5523,George Billinge;
Babbleblab,01-780-9931,Poppy Sandys;
Abatz,31-381-5340,Mickie Sottell;
Riffwire,51-033-5196,Chaunce Gregoli;
Shuffledrive,84-088-0642,Parker Brayn;
Bluejam,91-068-1584,Sibyl Jedrzejczyk;
Eazzy,64-634-7484,Annabal Fretter;
Brightbean,40-032-1168,Maren Altofts;
Mycat,80-908-6758,Foster Dahl;
Yambee,58-665-2280,Jamie Paule;
Riffpedia,74-482-5208,Baron MacAdam;
Kazu,80-009-2330,Paxon Hellwich;
Dabvine,96-962-9263,Celina Christoffersen;
Photobean,16-200-0991,Olimpia Jesteco;
Yodoo,22-964-8933,Tracy Brewerton;
Lajo,71-058-1625,Everett Byway;
Devpulse,57-801-0264,Tommy MacLice;
Photojam,60-283-1793,Nathalia Arnaldi;
Skidoo,29-022-5156,Dante Dun;
Voonte,39-097-6680,Ruggiero Serjeant;
Tagcat,16-577-4948,Franklin Zorener;
Abata,57-020-5149,Marlo Dalton;
Rhyzio,19-716-8046,Gar Fylan;
Divape,82-096-2257,Ronda Trembley;
Flashspan,10-254-5195,Tana Fouldes;
Feedspan,67-507-8415,Pacorro Attew;
Photojam,89-975-0642,Melanie Mum;
JumpXS,51-729-4894,Krishnah Rubertis;
Fadeo,17-709-2383,Loretta Obern;
Tavu,11-438-7505,Beau Meake;
Jetpulse,71-295-8059,Flinn Andri;
BlogXS,68-351-6451,Min Illing;
Aibox,86-771-7473,Pavlov Schankel;
Voonder,90-365-1261,Crissie Kelley;
Oyondu,38-346-5117,Linnet Croose;
Wordtune,96-335-8482,Tucker Maggi;
Yata,91-240-6266,Wendell Bagster;
Gabtune,09-504-7976,Jamil Gallelli;
Flashpoint,53-453-5100,Aggie Fynn;
Mynte,02-507-3791,Gay Granham;
Mudo,67-670-9823,Kimberli Dingley;
Linktype,45-071-9471,Wood Barthelmes;
Aibox,32-150-6547,Geoffrey Finlayson;
Jazzy,05-122-7762,Lyndsay Cuss;
Blogtags,16-600-5335,Dominik Ellsbury;
Realpoint,65-692-4306,Franny Fursey;
Rhynoodle,41-659-5040,Egan Scarffe;
Voomm,00-603-8079,Carolee Lainton;
Zooveo,66-255-1967,Clarice Ryott;
Youfeed,89-781-2834,Quinn Withinshaw;
Demimbu,43-816-0181,Jamesy Tofanelli;
JumpXS,62-445-2060,Adan Dubery;
Meembee,85-308-9988,Andreana Gusney;
Devbug,96-425-1620,Marten Misson;
Flipstorm,37-820-9860,Madel Kopecka;
Youbridge,56-876-8726,Liva Saile;
Oozz,98-633-5386,Maxie Conyard;
Trilia,09-360-4981,Tania Elderbrant;
Twitterworks,05-189-4689,Christen Waggitt;
Tagpad,44-568-5695,Torrey Carolan;
Rhynyx,25-958-6143,Justen Lomis;
Browsebug,27-876-1267,Yvon Guillard;
Skyba,16-377-9231,Teddie Mansfield;
Livepath,41-219-5481,Michel Phillput;
Feednation,34-692-7306,Emelina Stainer;
InnoZ,89-000-5148,Zarla Roos;
Twiyo,81-259-3720,Abrahan Seegar;
Blogpad,54-978-4984,Beverlie Ogdahl;
Fanoodle,32-950-5016,Nicholas Normavill;
Jabbersphere,79-514-0360,Suzanna Esser;
Jabbertype,50-963-3998,Ranna O'Farris;
Youbridge,51-187-7306,Matthus Caskey;
Jabbertype,97-098-8143,Katlin Birkenshaw;
DabZ,09-873-4161,Rachael Christoffels;
Janyx,85-426-2658,Junina Roussell;
Browsedrive,08-078-6991,Nealon Larne;
Trupe,02-256-8557,Tymothy Swindell;
Riffpedia,43-437-9580,Magdalena Vigneron;
Bubblemix,29-209-3333,Rice Creamen;
Blogtags,54-116-8811,Zandra Ayling;
Realblab,80-761-0810,Nady Hallatt;
Npath,58-362-5102,Oliver William;
Buzzdog,15-823-6789,Virgina Bourchier;
Yakitri,13-285-1651,Murielle Balchen;
Wordtune,04-257-5927,Niall Kynd;
Ainyx,50-270-1884,Fifi Allkins;
Kwinu,53-587-3993,Klement Stanworth;
Jetpulse,25-574-0223,Reinwald Soares;
Dynabox,22-659-1926,Cynthy Forri;
Thoughtblab,25-487-0607,Doug Points;
Dabshots,37-555-7705,Orsa Clarycott;
Quatz,17-225-5751,Josi Bryenton;
Tazz,82-748-3265,Rebecca Stihl;
Digitube,16-360-7646,Archie Bleiman;
Muxo,61-409-4960,Con Scargill;
Thoughtstorm,10-739-9999,Annamarie Crowcroft;
Bluezoom,51-034-7402,Tatiana Tommasi;
Izio,53-371-7435,Lenard Gogarty;
Twitterlist,37-146-5654,Dianemarie Calkin;
Photofeed,69-028-1534,Gabbey Solleme;
Fatz,39-472-4230,Mirelle Scholar;
Devshare,86-845-9534,Michaeline Sarton;
Zoombox,09-814-1763,Rriocard Oggers;
Chatterpoint,65-927-5898,Allie Burtonshaw;
Thoughtbridge,43-031-8397,Audrye Flucker;
Rhyloo,56-831-4962,Vick Strond;
Plajo,25-049-3127,Tanner Littlecote;
Linktype,54-099-0968,Rob Panton;
Skajo,87-527-4047,Johna Quinion;
Oyope,00-797-0551,Tuck Tran;
Topiczoom,84-174-6249,Charleen Cantwell;
Zoovu,45-318-1315,Liz Strippel;
Leenti,90-202-6545,Georgiana Salery;
Tagfeed,89-562-7651,Pippa Dubble;
Flipbug,04-651-5116,Jase Taylot;
Zazio,96-020-3549,Nora Danter;
Youspan,25-497-1272,Konstance Mytton;
Wordify,00-259-7391,Zeke Twidle;
Meetz,23-556-2833,Eba Stonman;
Chatterpoint,53-345-6021,Beverlee Londsdale;
Agivu,88-327-2136,Bob Ponder;
Zoonoodle,87-035-2357,Dannie Ashpital;
Devbug,10-436-5114,Duffie Grcic;
Dablist,90-998-5455,Devondra Allpress;
Divavu,82-327-4504,Doralyn Pyrton;
Photolist,47-571-7760,Maggy Coneybeare;
Brightbean,96-175-7016,Woodrow Lackner;
Youtags,59-500-6836,Kennedy Oag;
Skimia,67-052-7358,Morganica Culpan;
Muxo,51-695-0170,Matthaeus Lievesley;
Skiptube,34-058-4003,Husein Dayer;
Kazu,33-742-5088,Georg Ben;
Digitube,24-292-4530,Andra McGrouther;
Babbleopia,33-598-1230,Rodrigo Sherwell;
Yodo,84-197-7840,Christan Warrilow;
Brightdog,25-397-4821,Willard Camblin;
Yakitri,90-926-3621,Faun McParland;
Realbridge,98-229-3921,Elisabet Pitcaithly;
Edgeify,31-998-9167,Alayne Pree;
Zoovu,72-082-6692,Edan Hearle;
Roomm,92-221-3947,Quintana Canas;
Thoughtworks,73-458-8780,Michel Cauley;
Kazu,77-559-0912,Idalina Bootyman;
Gabtune,71-938-9385,Perri Fiddian;
Skidoo,93-509-6893,Bibbie Doogood;
Izio,84-123-3044,Berkly Cashford;
Brainsphere,08-956-2244,Dayle Ibberson;
Vinder,09-783-0093,Sena Lohmeyer;
Zoozzy,98-007-3456,Heida Bohike;
Realcube,13-914-5072,Harald Costin;
Babblestorm,25-752-7141,Gregg Warmisham;
Jetpulse,68-078-6998,Hobie Hughesdon;
Yodoo,33-225-6010,Flossie Swinney;
Trunyx,22-486-6083,Mirelle Lippi;
Yombu,36-799-0860,Lita Gosney;
Gabspot,34-773-9187,Catlin Barling;
Realbridge,10-902-0790,Toinette Humbell;
Livefish,07-345-5150,Maxi Ramet;
Vidoo,58-749-1790,Paquito Dalston;
Einti,07-244-7831,Rene Grouse;
Blogtag,52-337-0929,Pammie Do Rosario;
Buzzbean,06-215-2053,Laurene Gorse;
Edgeify,71-535-1959,Madelle Jaquet;
Yodel,85-507-6628,Marcus Hammill;
Thoughtbeat,30-137-7722,Annamarie Poznanski;
Talane,64-862-0143,Janina Terzza;
Youspan,93-912-7922,Thoma Rankmore;
Skalith,87-726-7273,Robers Santer;
Blogspan,59-774-3108,Christoper Bengochea;
Tagchat,05-579-0219,Adelbert Garfath;
Twitterlist,28-514-5950,Celinda Gercke;
Youspan,08-741-0256,Becca Pegg;
Fivespan,42-889-6395,Wilhelmina Swaden;
Linkbuzz,04-281-5261,Arnoldo Meader;
Tavu,57-314-1387,Yolande Musson;
Thoughtblab,71-300-6163,Max Carryer;
Twitterlist,78-356-9635,Sidney Rappoport;
Skipstorm,85-238-3314,Jermaine O'Scully;
Dazzlesphere,41-899-4285,Alexis Print;
Photobug,80-823-1839,Theressa Bachanski;
Realpoint,38-857-3319,Robby Gownge;
Oyonder,60-737-2463,Sheffield Comer;
Camido,07-814-3708,Donnamarie Boldison;
Demivee,09-948-6849,Brody MacTerrelly;
Twitterlist,37-075-2453,Jessamyn Harrill;
Devbug,25-306-7288,Lynde Dable;
Yamia,39-063-8247,Diego Mains;
Chatterbridge,36-771-2549,Chickie Meiklem;
Riffpedia,01-898-1837,Evonne Luxton;
Feedspan,65-104-2071,Barnabe Brunn;
Chatterpoint,04-206-9414,Zack McCaffrey;
Yabox,19-436-2146,Vin Theakston;
Lazz,49-609-6448,Sarine Behneke;
Eadel,57-686-5393,Shawnee Nicolls;
Dazzlesphere,02-200-6448,Madalyn McKitterick;
Flipopia,42-208-6771,Fielding Ojeda;
Rhyloo,82-715-5133,Del Bennie;
Edgeify,93-772-5773,Elset Mc Gaughey;
Roombo,40-732-6061,Hadria Batham;
Zoombeat,09-625-7917,Tommie Cleland;
Trilia,48-442-6874,Berty Tapper;
Gigashots,75-579-0722,Jillana O'Doherty;
Bubblebox,15-801-3335,Pattie Buche;
Photojam,18-046-6161,Ody Pina;
Eamia,39-241-3381,Merry Mould;
Linktype,82-302-7922,Irwin Bandiera;
Eazzy,08-796-8396,Catha Ullrich;
Gabtype,43-037-3719,Thorsten Beazleigh;
Buzzdog,17-943-8003,Vittorio Steger;
Topiczoom,62-493-4949,Tandy Jills;
Browsebug,60-227-3738,Sandor Foucard;
Dabvine,01-625-3505,Iver Kezourec;
Wikizz,75-673-3838,Halli Bog;
Photolist,33-145-3427,Tamra Jarred;
Yata,88-797-0388,Arabela Kellet;
Twitterbeat,82-580-6650,Rebeka Heath;
DabZ,60-489-3225,Raquela O Sullivan;
Gigashots,49-606-9745,Andree Mersey;
Avamm,34-550-1877,Kordula Mewrcik;
Brainsphere,06-064-2490,Elvina Grew;
Wordify,28-718-5222,Joy Petrak;
Shufflester,80-999-8131,Allys Aherne;
Ailane,87-270-6766,Beckie Lortzing;
Ntag,68-683-6257,Lew Setch;
Feedfire,81-059-9894,Row Gillion;
Mydo,14-922-1221,Allister Rawdales;
Twimm,00-070-5354,Elise Pantlin;
Realblab,91-647-9354,Kirby Margrett;
Riffpath,34-822-1353,Brynne Blackleech;
Jaxworks,56-356-6458,Charil Trass;
Skynoodle,38-386-6249,Tito Spellar;
Buzzshare,93-908-0842,Torrie Knell;
Blogspan,17-932-3805,Brantley Conibere;
Skynoodle,94-668-5366,Stanfield Bulcroft;
Twimm,98-985-2060,Miguelita Kuhnhardt;
Dynabox,86-024-7075,Vidovic Cockney;
Twitterbridge,25-984-7923,Base Keasy;
Trunyx,91-606-1839,Delaney Givens;
Twinte,97-304-6919,Jinny Mathivet;
Browsecat,45-775-2056,Donnamarie Segot;
Izio,61-478-0773,Cookie O' Flaherty;
Meeveo,31-885-7441,Priscella Slimings;
Trudeo,50-167-1231,Jacklin Barles;
Skalith,75-311-8504,Saloma Mellhuish;
Quire,82-467-1496,Marie Jarrel;
Yambee,27-186-2818,Dell Poli;
Fliptune,38-158-6564,Cami Sandyford;
Zoomzone,72-796-3988,Gertruda Wicklin;
BlogXS,07-936-9408,Gordan Ayling;
Photobean,77-299-1784,Allene Sewell;
Vinder,76-746-2362,Calv Rowter;
Zoombox,24-000-9145,Bernardina Ashwin;
Dazzlesphere,80-152-6508,Lou Chidwick;
Midel,30-507-2376,Norris Bartlomiej;
Mydeo,42-426-8268,Carola Misselbrook;
Meezzy,32-822-1590,Gussie McVey;
Einti,57-390-8116,Harrietta Akeherst;
Jabberbean,46-033-1156,Syd Vinecombe;
Skalith,73-199-7635,Jodi Castillon;
Livefish,06-302-4821,Winny Rivlin;
Skivee,96-611-1133,Cross Loft;
Meeveo,67-698-1421,Ryun Burlingame;
Viva,87-503-6776,Shalna Broadberrie;
Edgewire,85-868-5717,Maryl Laurenzi;
Oozz,04-206-2648,Rozele Reinbeck;
Gabspot,18-536-0507,Lenette Bonhomme;
Meejo,98-368-6914,Bengt Muckart;
Bubbletube,45-311-2512,Brunhilde Mahedy;
Vinte,99-467-7847,Care Blune;
Browsecat,52-185-1225,Webster Jaques;
Ainyx,63-791-6028,Chucho Porritt;
Topicstorm,68-878-3268,Glyn Heaslip;
Roomm,93-765-7720,Shelley Regorz;
Gabtype,50-416-5592,Annabela Mertgen;
Digitube,20-374-1765,Stanislaus Saltmarsh;
Babblestorm,09-022-2955,Rici McCalister;
Shuffletag,01-750-3405,Alayne Charge;
Rhynoodle,14-800-4410,Eda Cridge;
Kayveo,20-444-4135,Auberta Bruneton;
Dabtype,58-430-2446,Ariela Brettell;
Cogibox,66-326-6818,Hestia Barajaz;
Jaxnation,41-709-0693,Aron Arton;
Gabcube,32-023-1971,Arnie Storror;
Tagcat,70-078-8185,Colman Obell;
Centidel,78-821-2948,Zed Aberhart;
Shufflebeat,47-949-9698,Halli Moberley;
Gigashots,36-895-3481,Marielle Herche;
Zooxo,46-797-7927,Dermot Frugier;
Rhycero,07-665-3490,Kristos Cathersides;
Skilith,65-079-7794,Alvy Moppett;
Twitterbridge,83-736-8211,Skylar Argyle;
Zoomlounge,72-401-7914,Margette Scrymgeour;
Tazz,26-996-6613,Levin Dods;
Nlounge,03-459-9954,Thebault Skyme;
Voomm,49-593-4824,Farah Worvill;
Devify,56-220-6760,Tate Franiak;
Zava,83-397-4505,Petra Maddock;
Browsebug,73-087-0544,Erich Howood;
Thoughtsphere,16-034-3329,Halimeda Oleszczak;
Topicshots,90-487-4288,Karlotta Curtis;
Kazio,98-614-3943,Dukie De Caville;
Thoughtblab,42-839-5392,Vitia Deave;
Cogidoo,12-105-4146,Kippie Mart;
Ooba,59-462-2401,Gardener Hirschmann;
DabZ,92-984-5696,Dallis Fattore;
Feedbug,50-662-6143,Ginny Domengue;
Photobug,73-193-6126,Gerry Sturges;
Twiyo,01-679-2637,Constantino Neem;
Feedfire,07-828-8310,Sven Winsper;
Quatz,62-134-5945,Edwin Mangenot;
Camimbo,61-394-3846,Westbrooke Longstreeth;
Teklist,03-481-7157,Emmalynn Chatelot;
Twitterbeat,43-513-9304,Ruprecht Dennitts;
Twiyo,76-860-8283,Sandie Fery;
Buzzster,71-624-1164,Susette Mularkey;
Twitterwire,88-609-6075,Gene Greenlies;
Blogpad,24-048-7269,Nady Wanklin;
Plambee,17-387-0729,Ileane Cantua;
Shufflebeat,16-766-1188,Griselda O'Hanley;
Voonix,50-600-1610,Jessamine Tuison;
Twiyo,03-668-3732,Harriet Hender;
Browsedrive,15-687-4171,Veronique Bellefant;
Voonder,88-724-6850,Lester Mulvaney;
Linkbridge,61-919-8549,Vernen Hains;
Trilia,92-834-2640,Doti Dawid;
Yotz,22-011-2720,Kare Keri;
Ailane,01-077-8546,Trish Armin;
Buzzster,73-650-3804,Sheridan Gartin;
Feedbug,22-879-6394,Addie Hedde;
Zoombox,45-953-0617,Montgomery Horstead;
Photobean,92-773-1980,Ulrika Abramowitch;
Babbleopia,15-294-2111,Germayne Plowell;
Demizz,01-840-9683,Lydia Benstead;
Trupe,90-085-2173,Justinn Alessandrelli;
Edgeblab,51-197-0043,Jerrie Scallon;
Aivee,98-864-4367,Marlene Rolph;
Edgeblab,39-710-2659,Meaghan Gaiford;
Abatz,43-044-5614,Conroy Layland;
Gabtune,20-705-9981,Brigg Grabeham;
Demivee,23-602-4439,Beatrisa Yoslowitz;
Yakitri,43-606-5101,Riane McGlone;
Livetube,18-720-2375,Silvie Chrystie;
Aibox,04-612-5995,Jeane Beautyman;
Mydeo,76-880-1360,Cleo Coppock.;
Wordpedia,18-204-8052,Guthrey Wreight;
Kayveo,27-293-7971,Mario Mounce;
Avavee,59-884-1363,Falito Weinham;
Eidel,96-453-3566,Nerita Dyett;
Gabvine,24-493-9223,Chelsea Dunklee;
Skiba,31-846-9838,Patricia Furman;
Devshare,15-852-6675,Giacomo Welberry;
Dabfeed,95-203-8433,Thorstein Hoult;
Feedspan,52-384-6509,Erinna Rosi;
Gabvine,68-450-1469,Alyce Dowdell;
Blogtag,83-638-0453,Iris Sango;
Kamba,32-024-5909,Heywood Ewens;
Meembee,17-757-3825,Cos Hitcham;
Yotz,48-153-8293,Maud Fontenot;
Kazu,02-568-7203,Beatriz Van der Beek;
Linkbridge,86-786-2922,Tiffi Rowston;
Babblestorm,03-988-2723,Antone Lytle;
Dazzlesphere,00-696-4222,Jsandye Bridgestock;
Innotype,00-260-1024,Avram Every;
Quamba,66-455-6660,Loralyn Duffin;
Zoomcast,26-802-4159,Kaylee Lishman;
Flipopia,94-727-2127,Kaleb Cureton;
Layo,14-344-3564,Wayne Dulson;
Voonyx,92-765-5528,Violet Lambe;
Buzzster,65-485-8342,Mano Boykett;
Jabbercube,63-859-4185,Filberto Skegg;
Yodo,04-054-6017,Ilka Walentynowicz;
Dabfeed,25-421-2985,Brandy Dumbrall;
Ooba,45-684-7545,Shina Enston;
Jaxbean,07-400-2094,Andree Midgely;
Rooxo,85-134-0418,Cesar Ivashkov;
Yabox,10-393-6736,Ignaz Conry;
Zooxo,57-407-5033,Nicoline Yerrill;
Vipe,86-459-9664,Bianca Saltmarshe;
Linktype,62-578-1907,Margareta Simakov;
Feedfish,74-118-5593,Beau Hibbart;
Yamia,76-333-1741,Kristan Labarre;
Photofeed,19-489-8966,Armando Vakhonin;
Topicware,83-884-6038,Eirena Margiotta;
Viva,12-478-6398,Clerc Kingsly;
Rhynyx,87-768-7396,Kacie Gunnell;
Zooxo,38-892-6260,Isabel Elliman;
Tekfly,60-052-4181,Jacky Hewson;
Voonte,09-681-3908,Sonni Pandey;
Zoovu,04-585-5208,Artus Cottage;
Npath,66-315-9748,Odele Cuschieri;
Katz,38-174-0710,Jacques Going;
Npath,68-907-7450,Mandy O' Mahony;
Wordify,06-781-5310,Katalin Currington;
Voomm,05-411-5230,Otis Vowdon;
Oloo,84-765-6020,Aldric Gergus;
Shufflebeat,66-047-7034,Fern Beernaert;
Demimbu,81-845-4757,Kippar Screeton;
Avamba,13-312-8425,Worden Skillicorn;
Brainverse,95-698-7059,Justus Ridolfi;
Yodel,44-654-7553,Joline Swinerd;
Wikibox,18-781-3106,Klaus Schimek;
Zoonder,69-779-6747,Abbye Screach;
Zazio,69-794-3025,Ofella Axelbey;
Aibox,64-873-9679,Theodosia Gentery;
Jaloo,04-526-8464,Nichole Jent;
Gabtype,10-326-8139,Jorge Faires;
Flipopia,61-334-9549,Ricard Macieja;
Photolist,01-136-4071,Goldarina Wrates;
Photofeed,42-805-8084,Anni Connal;
Kanoodle,64-250-1435,Yoko Tolland;
Photofeed,04-355-7365,Waylin Wickersley;
Thoughtmix,16-292-1623,Paulette O'Loghlen;
Topicstorm,60-417-9652,Mella Ayllett;
Avavee,67-321-7217,Drud Keyme;
Dynabox,78-033-7228,Bekki Dowrey;
Rhynoodle,19-071-1695,Stacy Chesman;
Aimbo,66-118-4984,Keri Saulter;
Trudeo,70-176-3944,Glennie Fisby;
Shufflebeat,15-889-1587,Kiri MacGiany;
Kwideo,92-132-7768,Mia Burbridge;
Pixope,90-009-2513,Ripley Downes;
Digitube,19-929-1438,Margot Stockport;
Eire,66-303-2588,Kelci Goodall;
Oyoba,28-447-5864,Jarred Hellings;
LiveZ,87-750-4184,Samantha Willimott;
Devpoint,86-244-2499,Felix Bleacher;
Realbridge,09-642-6932,Elisa Ghilks;
Tagchat,13-525-4647,Bel Penfold;
Tanoodle,29-241-3421,Rochella Keddle;
Trupe,25-908-7599,Sarah Ashworth;
Ooba,80-302-8874,Vasili Gudge;
Muxo,51-222-9306,Ichabod Camili;
Riffpath,43-447-6582,Cathe Burndred;
Trudoo,33-139-6866,Ki Belsham;
Divanoodle,83-188-3179,Lynde Carncross;
Voolith,59-465-1607,Christye Ambroziak;
Twinder,03-574-0256,Haily Grimston;
Zoomlounge,32-282-5027,Vassily Paver;
Babblestorm,29-175-9418,Hattie Beckinsale;
Wikibox,05-611-9836,L;urette Berthome
Avavee,10-597-9907,Aila Buckler;
Photobug,45-326-6467,Buffy Shirtliff;
Photolist,16-978-8131,Hallsy Behn;
BlogXS,58-897-4218,Berkley Godspeede;
Tekfly,65-688-8651,Quintin Creboe;
Meezzy,26-453-4934,Matteo Tidcomb;
Linkbuzz,76-132-4947,Ram Motton;
Twimm,43-327-2578,Barri Winters;
Meedoo,30-369-9936,Hamid Swinley;
Babbleblab,88-652-7684,Allina Turnell;
Dabtype,71-686-1313,Perkin Sleeman;
Ooba,74-731-3134,Annora Convery;
Babblestorm,67-453-5473,Harriot Traves;
Innotype,12-942-9413,Roddie Streets;
Katz,92-663-8439,Tripp Giscken;
Skivee,14-840-4966,Shelia Lanigan;
Jabbersphere,56-420-1493,Annmaria Troubridge;
Tazzy,53-560-5139,Cacilie Cowlam;
Meevee,26-311-8893,Filmore Suart;
Wordpedia,15-593-9132,Clarence Nibley;
Snaptags,24-928-2266,Murielle Kundt;
Dynabox,41-419-2998,Risa Lillegard;
Linkbridge,17-583-1520,Milka Burdus;
Demivee,56-120-2154,My Sargison;
Thoughtbridge,96-644-3671,Issiah Caze;
Blogspan,83-007-5476,Jocelin Ivashov;
Twiyo,09-221-5845,Suzi Kneeland;
Jetwire,16-087-5827,Isabelita Merigot;
Roombo,35-691-0681,Carson Sidwell;
Voomm,21-358-3671,Uta Hatz;
Gigazoom,53-923-4450,Jenn Supple;
Flipopia,88-192-4166,Doretta Easbie;
Gigashots,55-978-0144,Leonid Hallen;
Mynte,11-599-5689,Britni Dragon;
Muxo,05-641-4315,Ham Tuerena;
Twiyo,86-390-9035,Dagmar Newland;
Skimia,27-598-6208,Mirella Kindon;
Roomm,94-079-7152,Thebault Ponceford;
Zoomlounge,92-101-6462,Ambur Pester;
Buzzbean,42-564-9145,Kleon Collaton;
Skyvu,77-852-8507,Abba MacCarrick;
Tambee,99-706-5159,Emilee Binder;
Topicshots,22-210-5166,Toma Angrick;
Buzzbean,67-358-4149,Benedetto Stoppard;
Kwinu,18-668-1956,Pascale Crone;
Edgepulse,89-773-0230,Stephi Wills;
Topicware,88-973-5952,Cazzie Errigo;
Kwideo,28-280-8612,Mersey Stoltz;
Yakijo,58-282-9085,Andy Craggs;
Meejo,99-298-3480,Marieann Rickerd;
Thoughtbeat,22-737-6356,Tonye Addlestone;
Voomm,22-906-4958,Hermione Reynolds;
Thoughtstorm,29-191-1610,Teodora Wakeham;
Mybuzz,86-839-0261,Briny Shermar;
Jetpulse,34-278-4253,Ingeberg Skokoe;
Quamba,67-912-8979,Sibeal Andreopolos;
Gigabox,57-084-2281,Merrile O'Mullally;
Kayveo,06-800-8333,Clarice Wann;
Buzzdog,56-505-2097,Ilyssa Lesurf;
Nlounge,42-739-8240,Grange Budgey;
Skippad,80-364-1323,Neall Rait;
Podcat,24-336-3436,Tiff Wenham;
Rhyloo,11-068-3536,Davidson Chesswas;
Plambee,72-215-4402,Joannes Matteo;
Jetpulse,43-729-9305,Camella Gross;
Brainbox,48-566-3188,Ruben Kilfedder;
Riffpedia,40-423-3071,Dallis Iacovielli;
Jatri,59-962-9489,Guinna Bancroft;
Linkbuzz,72-351-9381,Willy Cowlard;
Photolist,29-063-4058,Kellia Hairsine;
Zoomlounge,55-540-4631,Roch Covey;
Wikibox,34-157-8331,Joy Toller;
Yodo,09-396-8575,Shaun Parr;
Tazzy,97-353-6994,Caralie Megson;
Katz,61-039-6500,Ingunna Gommowe;
Youspan,32-876-9171,Terry Godlip;
Zoombox,08-322-3283,Howie Imlock;
Youspan,78-170-3268,Justin Gallahar;
Skippad,84-122-6907,Xavier MacCaghan;
Realpoint,35-706-4264,Kev Gradley;
Buzzshare,24-320-5597,Salem Ben;
Gigabox,96-311-0442,Lorne Ferrero;
Skyble,51-275-1015,Marrissa Geist;
Kayveo,63-687-9407,Giff Vagges;
Voonyx,75-177-0699,Dulci Illston;
Oyondu,96-705-7949,Vicki Bleackly;
Photofeed,55-329-9616,Amandy Albrooke;
JumpXS,64-007-2579,Nanete Rickets;
Linktype,19-463-6034,Rhys Doog;
Skiba,17-165-7610,Shari Ferrucci;
Aivee,89-196-1518,Kyle Corless;
Divape,39-918-4320,Fielding Wasiela;
Oozz,33-474-8759,Betsey McTerlagh;
Chatterbridge,93-625-7844,Benedict Daviddi;
Skipstorm,85-938-3674,Percival St Ledger;
Tekfly,19-020-9581,Harwilll Ellington;
Twitterlist,78-627-6656,Nixie Le Barre;
Pixope,03-034-8580,Dunn Hicklingbottom;
Kazu,92-214-0229,Birk Doche;
Trudoo,97-203-1683,Joeann Happs;
Twimm,55-935-6823,Harriot Landrick;
Gigaclub,76-030-0976,Manuel Labbe;
Eamia,43-403-2832,Stacey Ponte;
Gigabox,72-825-6522,Corine Chasson;
Dabvine,02-005-8917,Lona Bruford;
Vipe,26-968-7370,Shep Loosely;
Wikido,90-337-6219,Bobby Penni;
Plambee,21-983-1882,Melamie Goldsbrough;
Blogtag,01-499-3024,Helaine Pacitti;
Zooxo,89-233-1626,Fielding Eskrigge;
Flashspan,88-906-5738,Marion Hartop;
Pixoboo,91-298-3930,Liam Berlin;
Shuffletag,53-229-1991,Fredia Staddom;
Jetpulse,03-012-8550,Lonee Drescher;
Abatz,91-112-6691,Roberta Greser;
Riffwire,12-218-4935,Roarke Kean;
Skipstorm,52-852-9978,Gothart Plows;
Avaveo,46-006-5326,Catrina Laudham;
Gigashots,86-682-2183,Jody Baldrey;
Voonder,91-985-5590,Cherlyn Reddle;
Livepath,83-151-5954,Abbe Speares;
Meevee,56-572-5962,Frankie Dewsbury;
Dabshots,12-923-3728,Dory Hyndes;
Camimbo,42-854-8528,Candace Dicte;
Yotz,37-308-6201,Roxi Blucher;
Oozz,96-764-3121,Sullivan Chasmar;
Vinder,13-248-7194,Donn Reihill;
Mynte,50-954-8192,Paola Perrycost;
Meejo,47-805-7487,Traci Wessell;
Skipstorm,07-373-8586,Biddy Wedgwood;
Feedfish,72-991-5691,Edgardo Peoples;
Rhynoodle,30-568-4389,Ruby Messruther;
Skyndu,27-659-0069,Theresina Harbottle;
Midel,79-015-5450,Pascale Goodband;
Livetube,52-333-1862,Angelica Waugh;
Yakitri,85-264-4667,Peter Kezourec;
Skyble,28-658-7316,Gordy Tredwell;
Zoombox,92-820-0994,Christy Hartright;
Kaymbo,85-019-1297,Dian Du Plantier;
Vitz,94-520-0278,Munmro Parcell;
Voonte,35-736-1060,Tann Scarman;
Yakidoo,57-507-4290,Sawyer Nasi;
Oozz,51-959-2712,Tracie Ketchell;
Livetube,31-157-2285,Adelheid Stive;
Aimbo,22-184-6343,Eloise Birdfield;
Flashset,94-629-8582,Bibi Flooks;
Skinte,99-082-5455,Dorolisa Sycamore;
Vipe,30-746-4396,Katlin De Ath;
Fatz,32-300-2401,Marleah Allnutt;
Skilith,54-619-2680,Claude Hukin;
Pixoboo,22-233-4648,Brianne Rooper;
Trudeo,09-333-6500,Ajay Babe;
Aimbu,35-354-1092,Noam Yelding;
Topicshots,83-684-1540,Engelbert Dugmore;
Myworks,05-564-7077,Hirsch Tydd;
Flashpoint,34-614-2252,Dani Reijmers;
Devify,06-032-6278,Allyson Vakhrushev;
Cogidoo,14-666-9473,Joeann Ox;
Trudeo,10-178-9978,Jorie Quimby;
Skalith,36-299-7280,Branden Hincham;
Tagopia,44-380-2566,Beryle Shepeard;
Jatri,72-008-6868,Tamarra Marti;
Devbug,63-800-3292,Zita Seear;
Eayo,96-920-8374,Valentijn Jambrozek;
Janyx,70-341-1425,Stuart Bigglestone;
Mydo,94-908-0146,Tallie Votier;
Edgeify,25-390-8426,Karlotta McCrystal;
Rhynyx,57-246-4544,Dorian Dyshart;
Dynazzy,44-692-3291,Errol Genney;
Centimia,70-171-2796,Marlane Vance;
